setting,n,candidate,score,success,diverged,cm_samples,diff_samples,seconds_per_run,peak_mem_mb,comparator,diff_vs_comparator,diff_vs_comparator_p,diff_vs_baseline,diff_vs_baseline_p
2D,8,baseline,0.4068568956101527,0.325,0,792,792,0.5108217526751104,778.8984375,,,,,
2D,8,trust_noise1,0.19642494636351934,0.75,0,792,792,0.5175858659989899,777.62109375,baseline,0.2104319492466333,0.0002999850007499625,0.2104319492466333,0.0002999850007499625
2D,8,backsel_uni_k2,0.6082583724041398,0.275,2,990,198,0.7056858967742301,795.0625,baseline,-0.20140147679398712,0.0551972401379931,-0.20140147679398712,0.0551972401379931
2D,8,backsel_uni_k4,0.5694653586881127,0.375,0,1188,396,0.6596895600494463,795.80859375,baseline,-0.16260846307796004,0.07354632268386581,-0.16260846307796004,0.07354632268386581
2D,8,backsel_is_k2,0.5555881195050324,0.3,0,975.225,183.225,0.6781751776230521,791.234375,baseline,-0.14873122389487975,0.033948302584870756,-0.14873122389487975,0.033948302584870756
2D,8,backsel_is_k4,0.45874707517760605,0.35,0,1107.375,315.375,0.6840084232011577,790.40625,baseline,-0.05189017956745339,0.45932703364831756,-0.05189017956745339,0.45932703364831756
2D,8,backsel_clust_k2,0.32710129269324895,0.6,1,990,198,0.6643459375016392,790.9375,baseline,0.0797556029169037,0.2367381630918454,0.0797556029169037,0.2367381630918454
2D,8,backsel_clust_k4,0.3015167586796388,0.55,0,1188,396,0.6810477095248644,791.36328125,baseline,0.10534013693051386,0.07094645267736613,0.10534013693051386,0.07094645267736613
2D,8,backsel_uni_k2_trust,0.14278686924689138,0.85,0,990,198,0.6633733212976949,791.3125,trust_noise1,0.053638077116627964,0.09794510274486276,0.26407002636326127,4.999750012499375e-05
2D,8,backsel_uni_k4_trust,0.1804630139773959,0.75,0,1188,396,0.675637295524939,791.55859375,trust_noise1,0.015961932386123458,0.6306184690765462,0.22639388163275675,4.999750012499375e-05
2D,8,backsel_is_k2_trust,0.2206971919885107,0.725,0,975.3,183.3,0.6771741467237007,790.21875,trust_noise1,-0.024272245624991324,0.4951752412379381,0.18615970362164197,0.00034998250087495624
2D,8,backsel_is_k4_trust,0.17116775996443875,0.725,0,1107.775,315.775,0.6858911693765549,791.84375,trust_noise1,0.025257186399080596,0.3671816409179541,0.2356891356457139,0.00024998750062496874
2D,8,backsel_clust_k2_trust,0.14806378561074482,0.875,0,990,198,0.6675660943263211,791.05078125,trust_noise1,0.04836116075277454,0.23413829308534573,0.2587931099994078,4.999750012499375e-05
2D,8,backsel_clust_k4_trust,0.22107430876635492,0.65,0,1188,396,0.680732655574684,791.23828125,trust_noise1,-0.024649362402835554,0.4896255187240638,0.18578258684379775,0.0007999600019999
2D,8,replay_cohort16_trust,0.2303258814735855,0.75,0,792,792,0.49784343972278294,774.0,trust_noise1,-0.03390093511006612,0.2928853557322134,0.17653101413656716,0.0005499725013749313
2D,8,backsel_is_k4_cohort16_trust,0.20153609463447758,0.675,0,1109.65,317.65,0.6754822962975595,792.0859375,replay_cohort16_trust,0.028789786839107934,0.33088345582720863,0.2053208009756751,0.00014999250037498125
2D,8,backsel_clust_k4_cohort16_trust,0.17829711264207085,0.825,0,1188,396,0.7548997230740497,793.43359375,replay_cohort16_trust,0.05202876883151464,0.03719814009299535,0.2285597829680818,4.999750012499375e-05
2D,32,baseline,0.249926707743037,0.5,0,3168,3168,0.5954347087001224,774.56640625,,,,,
2D,32,trust_noise1,0.2330371567076804,0.5,0,3168,3168,0.6035253690999525,776.6171875,baseline,0.01688955103535655,0.05639718014099295,0.01688955103535655,0.05639718014099295
2D,32,backsel_uni_k2,0.3821375392273251,0.525,1,3366,198,0.7343047765250958,827.19921875,baseline,-0.13221083148428814,0.052747362631868404,-0.13221083148428814,0.052747362631868404
2D,32,backsel_uni_k4,0.3243346300935186,0.525,0,3564,396,0.7460772334499779,826.53125,baseline,-0.0744079223504816,0.10944452777361131,-0.0744079223504816,0.10944452777361131
2D,32,backsel_is_k2,0.37645679328045284,0.45,0,3362.225,194.225,0.7501516387001175,828.5,baseline,-0.12653008553741585,0.03454827258637068,-0.12653008553741585,0.03454827258637068
2D,32,backsel_is_k4,0.3416028842266408,0.425,0,3542.725,374.725,0.7634030157001689,825.6328125,baseline,-0.09167617648360384,0.023948802559872008,-0.09167617648360384,0.023948802559872008
2D,32,backsel_clust_k2,0.23703858004235961,0.725,0,3366,198,0.7553421855001943,826.05078125,baseline,0.01288812770067738,0.8018599070046498,0.01288812770067738,0.8018599070046498
2D,32,backsel_clust_k4,0.39957755351352303,0.4,0,3564,396,0.7668591984751402,828.046875,baseline,-0.14965084577048607,0.00024998750062496874,-0.14965084577048607,0.00024998750062496874
2D,32,backsel_uni_k2_trust,0.12043269202805025,0.925,0,3366,198,0.7403139885747805,827.09765625,trust_noise1,0.11260446467963017,4.999750012499375e-05,0.12949401571498673,4.999750012499375e-05
2D,32,backsel_uni_k4_trust,0.13583878190295529,0.85,0,3564,396,0.7585208594249707,826.36328125,trust_noise1,0.09719837480472512,9.99950002499875e-05,0.11408792584008168,4.999750012499375e-05
2D,32,backsel_is_k2_trust,0.17240872738317867,0.85,0,3362.65,194.65,0.7536019351751747,828.1875,trust_noise1,0.06062842932450175,0.022598870056497175,0.0775179803598583,0.007149642517874106
2D,32,backsel_is_k4_trust,0.15642751484948342,0.875,0,3542.45,374.45,0.7685563278748304,825.31640625,trust_noise1,0.07660964185819698,4.999750012499375e-05,0.09349919289355353,4.999750012499375e-05
2D,32,backsel_clust_k2_trust,0.11207950720771627,0.9,0,3366,198,0.7494942775247182,828.8671875,trust_noise1,0.12095764949996415,0.000199990000499975,0.1378472005353207,9.99950002499875e-05
2D,32,backsel_clust_k4_trust,0.2617824019833115,0.5,0,3564,396,0.7737440771750699,825.39453125,trust_noise1,-0.02874524527563109,0.06459677016149193,-0.01185569424027454,0.4964751762411879
2D,32,replay_cohort64_trust,0.227669412273464,0.725,0,3168,3168,0.6180971911500819,775.45703125,trust_noise1,0.005367744434216417,0.7504624768761562,0.022257295469572967,0.11674416279186041
2D,32,backsel_is_k4_cohort64_trust,0.179477077461896,0.75,0,3542.2,374.2,0.8037755750752694,828.51953125,replay_cohort64_trust,0.048192334811568,0.005349732513374331,0.07044963028114097,4.999750012499375e-05
2D,32,backsel_clust_k4_cohort64_trust,0.2994460950485006,0.4,0,3564,396,0.7757986053249624,833.375,replay_cohort64_trust,-0.07177668277503665,0.000599970001499925,-0.04951938730546369,0.032298385080745964
5D,8,baseline,0.5170406508133392,0.0,0,792,792,0.4813796907001233,772.0390625,,,,,
5D,8,trust_noise1,0.47166342047694865,0.0,0,792,792,0.4797350332250062,771.5859375,baseline,0.04537723033639053,0.16679166041697915,0.04537723033639053,0.16679166041697915
5D,8,backsel_uni_k2,0.7243618913885267,0.0,3,990,198,0.6490254980999453,788.2109375,baseline,-0.20732124057518747,0.007099645017749113,-0.20732124057518747,0.007099645017749113
5D,8,backsel_uni_k4,0.6956990276354931,0.0,0,1188,396,0.6621095452002919,787.18359375,baseline,-0.17865837682215377,0.0028998550072496373,-0.17865837682215377,0.0028998550072496373
5D,8,backsel_is_k2,0.7014313776737293,0.0,1,975.05,183.05,0.6726810765248956,787.3984375,baseline,-0.18439072686039004,0.00519974001299935,-0.18439072686039004,0.00519974001299935
5D,8,backsel_is_k4,0.6029995014090838,0.0,0,1110.725,318.725,0.6411697744249978,788.984375,baseline,-0.08595885059574453,0.08114594270286486,-0.08595885059574453,0.08114594270286486
5D,8,backsel_clust_k2,0.7809595304351344,0.0,0,990,198,0.7486907858750783,792.2265625,baseline,-0.26391887962179517,4.999750012499375e-05,-0.26391887962179517,4.999750012499375e-05
5D,8,backsel_clust_k4,0.5948884254686936,0.0,0,1188,396,0.6859150275267893,792.04296875,baseline,-0.07784777465535438,0.12709364531773412,-0.07784777465535438,0.12709364531773412
5D,8,backsel_uni_k2_trust,0.6039366784931242,0.0,0,990,198,0.7045356644754065,795.921875,trust_noise1,-0.13227325801617545,0.010049497525123744,-0.08689602767978494,0.05539723013849308
5D,8,backsel_uni_k4_trust,0.5857783139414464,0.0,0,1188,396,0.6693116615497274,797.14453125,trust_noise1,-0.11411489346449771,0.013399330033498325,-0.0687376631281072,0.20348982550872458
5D,8,backsel_is_k2_trust,0.6122755031690026,0.0,0,975.575,183.575,0.7150059060746571,793.60546875,trust_noise1,-0.14061208269205389,0.0023998800059997,-0.09523485235566334,0.06024698765061747
5D,8,backsel_is_k4_trust,0.5353838824403506,0.0,0,1110.425,318.425,0.6849062930501532,796.265625,trust_noise1,-0.0637204619634019,0.10504474776261187,-0.01834323162701138,0.648217589120544
5D,8,backsel_clust_k2_trust,0.7262144714985707,0.0,0,990,198,0.713695327800815,795.09375,trust_noise1,-0.25455105102162195,4.999750012499375e-05,-0.20917382068523144,0.000199990000499975
5D,8,backsel_clust_k4_trust,0.4628093086578645,0.0,0,1188,396,0.7021002690496971,794.296875,trust_noise1,0.008854111819084172,0.8173091345432728,0.0542313421554747,0.18184090795460228
5D,8,replay_cohort16_trust,0.5268447609999802,0.0,0,792,792,0.4908720019506291,772.109375,trust_noise1,-0.055181340523031475,0.14434278286085694,-0.009804110186640945,0.8114594270286486
5D,8,backsel_is_k4_cohort16_trust,0.5646857617003186,0.0,0,1108.75,316.75,0.6977305114996852,784.90625,replay_cohort16_trust,-0.037841000700338454,0.4145292735363232,-0.047645110886979404,0.20358982050897456
5D,8,backsel_clust_k4_cohort16_trust,0.5119481609497545,0.0,0,1188,396,0.6994707373989513,784.0234375,replay_cohort16_trust,0.01489660005022575,0.59962001899905,0.005092489863584801,0.9048047597620119
5D,32,baseline,0.4373973138277716,0.0,0,3168,3168,0.6112222164752893,772.171875,,,,,
5D,32,trust_noise1,0.43174442896200904,0.0,0,3168,3168,0.6174137046997202,771.84765625,baseline,0.0056528848657625055,0.17194140292985352,0.0056528848657625055,0.17194140292985352
5D,32,backsel_uni_k2,0.6799515707056709,0.0,2,3366,198,0.752925432624761,819.75,baseline,-0.24255425687789942,4.999750012499375e-05,-0.24255425687789942,4.999750012499375e-05
5D,32,backsel_uni_k4,0.5970456848388261,0.0,0,3564,396,0.7657548001501709,821.1796875,baseline,-0.15964837101105456,0.0002999850007499625,-0.15964837101105456,0.0002999850007499625
5D,32,backsel_is_k2,0.6893173025938399,0.0,0,3362.85,194.85,0.7647059423761675,820.640625,baseline,-0.25191998876606836,9.99950002499875e-05,-0.25191998876606836,9.99950002499875e-05
5D,32,backsel_is_k4,0.5635566227467235,0.0,0,3543.425,375.425,0.7709499523742125,820.9296875,baseline,-0.12615930891895186,0.0031998400079996,-0.12615930891895186,0.0031998400079996
5D,32,backsel_clust_k2,0.9286831234553949,0.0,0,3366,198,0.764745783273247,821.2578125,baseline,-0.4912858096276234,4.999750012499375e-05,-0.4912858096276234,4.999750012499375e-05
5D,32,backsel_clust_k4,0.4973394755827025,0.0,0,3564,396,0.7893322939256905,822.80078125,baseline,-0.05994216175493094,0.04539773011349432,-0.05994216175493094,0.04539773011349432
5D,32,backsel_uni_k2_trust,0.4746745582128532,0.0,0,3366,198,0.7268195683747762,822.765625,trust_noise1,-0.04293012925084414,0.12339383030848458,-0.037277244385081634,0.18504074796260186
5D,32,backsel_uni_k4_trust,0.5649813379302755,0.0,0,3564,396,2.9371584645996336,767.3125,trust_noise1,-0.13323690896826648,0.0017499125043747813,-0.127584024102504,0.0023498825058747065
5D,32,backsel_is_k2_trust,0.5392950808821144,0.0,0,3362.8,194.8,0.7283504658749734,829.890625,trust_noise1,-0.10755065192010535,0.006549672516374182,-0.10189776705434285,0.008099595020248988
5D,32,backsel_is_k4_trust,0.5322771208056951,0.0,0,3542.8,374.8,0.7385735264248069,830.2265625,trust_noise1,-0.10053269184368609,0.0055997200139993,-0.09487980697792359,0.010599470026498675
5D,32,backsel_clust_k2_trust,0.9161168445671869,0.0,0,3366,198,0.7359433032750531,826.68359375,trust_noise1,-0.48437241560517785,4.999750012499375e-05,-0.47871953073941537,4.999750012499375e-05
5D,32,backsel_clust_k4_trust,0.49158881415958156,0.0,0,3564,396,0.7096636183250666,829.3203125,trust_noise1,-0.059844385197572514,0.029398530073496326,-0.05419150033181001,0.05139743012849358
5D,32,replay_cohort64_trust,0.4342010654289628,0.0,0,3168,3168,0.7036574246012606,780.89453125,trust_noise1,-0.0024566364669537906,0.2978851057447128,0.0031962483988087153,0.3096845157742113
5D,32,backsel_is_k4_cohort64_trust,0.5362040933050143,0.0,0,3543.5,375.5,0.807928981774603,853.2265625,replay_cohort64_trust,-0.10200302787605148,0.0023998800059997,-0.09880677947724276,0.00359982000899955
5D,32,backsel_clust_k4_cohort64_trust,0.5507094982683602,0.0,0,3564,396,0.8926736964000156,839.08984375,replay_cohort64_trust,-0.11650843283939738,0.0011499425028748563,-0.11331218444058866,0.0024998750062496873
10D,8,baseline,0.6309358564707803,0.0,0,792,792,0.4959281268005725,778.66015625,,,,,
10D,8,trust_noise1,0.529589199968366,0.0,0,792,792,0.49540113400144037,773.92578125,baseline,0.1013466565024143,0.011049447527623619,0.1013466565024143,0.011049447527623619
10D,8,backsel_uni_k2,0.6869966278626315,0.0,0,990,198,0.6672500256740023,787.7109375,baseline,-0.056060771391851234,0.17649117544122794,-0.056060771391851234,0.17649117544122794
10D,8,backsel_uni_k4,0.6736862398151887,0.0,0,1188,396,0.6784231846482726,786.83984375,baseline,-0.04275038334440847,0.35008249587520623,-0.04275038334440847,0.35008249587520623
10D,8,backsel_is_k2,0.6664047619780809,0.0,0,976.025,184.025,0.6768886404228397,783.7890625,baseline,-0.03546890550730052,0.4488775561221939,-0.03546890550730052,0.4488775561221939
10D,8,backsel_is_k4,0.6784340507014466,0.0,0,1109.7,317.7,0.697706757823471,785.375,baseline,-0.047498194230666424,0.31148442577871105,-0.047498194230666424,0.31148442577871105
10D,8,backsel_clust_k2,0.6455924190258904,0.0,0,990,198,0.6713149529503426,786.484375,baseline,-0.014656562555110135,0.7639118044097795,-0.014656562555110135,0.7639118044097795
10D,8,backsel_clust_k4,0.6509608297640095,0.0,0,1188,396,0.7025499403476715,785.359375,baseline,-0.020024973293229234,0.640217989100545,-0.020024973293229234,0.640217989100545
10D,8,backsel_uni_k2_trust,0.6220101762813524,0.0,0,990,198,0.6771992744732416,786.6640625,trust_noise1,-0.09242097631298635,0.016699165041747913,0.008925680189427949,0.832608369581521
10D,8,backsel_uni_k4_trust,0.5351444837931345,0.0,0,1188,396,0.6866422844759654,787.3828125,trust_noise1,-0.005555283824768541,0.8684565771711414,0.09579137267764576,0.04424778761061947
10D,8,backsel_is_k2_trust,0.6306009271562578,0.0,0,975.3,183.3,0.7030588927736972,785.68359375,trust_noise1,-0.10101172718789189,0.006849657517124144,0.0003349293145224044,0.9941002949852508
10D,8,backsel_is_k4_trust,0.5863452201365339,0.0,0,1108.325,316.325,0.715390516599291,787.8359375,trust_noise1,-0.056756020168167984,0.1208439578021099,0.044590636334246314,0.2743362831858407
10D,8,backsel_clust_k2_trust,0.5331334506081022,0.0,0,990,198,0.6790838470507878,785.32421875,trust_noise1,-0.0035442506397363434,0.9142542872856357,0.09780240586267795,0.0111994400279986
10D,8,backsel_clust_k4_trust,0.5244797943932415,0.0,0,1188,396,0.6704505055251502,799.87890625,trust_noise1,0.005109405575124444,0.8543072846357682,0.10645606207753874,0.009349532523373831
10D,8,replay_cohort16_trust,0.5440493780973102,0.0,0,792,792,0.4861981413749163,783.875,trust_noise1,-0.01446017812894426,0.67941602919854,0.08688647837347004,0.05894705264736763
10D,8,backsel_is_k4_cohort16_trust,0.567425050073336,0.0,0,1107.175,315.175,0.6834964243247669,799.45703125,replay_cohort16_trust,-0.023375671976025792,0.4590770461476926,0.06351080639744425,0.16264186790660468
10D,8,backsel_clust_k4_cohort16_trust,0.5147387407560668,0.0,0,1188,396,0.6847112372499395,792.6796875,replay_cohort16_trust,0.029310637341243388,0.2868356582170891,0.11619711571471342,0.0039998000099995
10D,32,baseline,0.48810208749514106,0.0,0,3168,3168,0.5733666058000381,781.63671875,,,,,
10D,32,trust_noise1,0.46374551357916605,0.0,0,3168,3168,0.5818764727751841,778.46484375,baseline,0.024356573915974913,0.3656317184140793,0.024356573915974913,0.3656317184140793
10D,32,backsel_uni_k2,0.6939024033456755,0.0,0,3366,198,0.7366990485752467,825.85546875,baseline,-0.2058003158505345,4.999750012499375e-05,-0.2058003158505345,4.999750012499375e-05
10D,32,backsel_uni_k4,0.6522127426273558,0.0,0,3564,396,0.7302889466500346,829.69921875,baseline,-0.16411065513221476,0.000199990000499975,-0.16411065513221476,0.000199990000499975
10D,32,backsel_is_k2,0.6239746195589142,0.0,0,3362.75,194.75,0.7358495657499589,828.62109375,baseline,-0.13587253206377323,0.0002999850007499625,-0.13587253206377323,0.0002999850007499625
10D,32,backsel_is_k4,0.6515870692793534,0.0,0,3542.825,374.825,0.7401412997998704,838.25,baseline,-0.16348498178421236,0.00034998250087495624,-0.16348498178421236,0.00034998250087495624
10D,32,backsel_clust_k2,0.608487606251114,0.0,0,3366,198,0.7386510464250022,833.42578125,baseline,-0.120385518755973,0.0010499475026248687,-0.120385518755973,0.0010499475026248687
10D,32,backsel_clust_k4,0.544213388584234,0.0,0,3564,396,0.7594254528998136,831.80078125,baseline,-0.05611130108909296,0.11539423028848557,-0.05611130108909296,0.11539423028848557
10D,32,backsel_uni_k2_trust,0.5374633849573248,0.0,0,3366,198,0.7265431127001648,837.1328125,trust_noise1,-0.07371787137815876,0.015399230038498074,-0.049361297462183845,0.13674316284185792
10D,32,backsel_uni_k4_trust,0.49436636813967627,0.0,0,3564,396,0.7122869910999725,840.30078125,trust_noise1,-0.03062085456051021,0.2488375581220939,-0.006264280644535299,0.8752062396880156
10D,32,backsel_is_k2_trust,0.53567172706149,0.0,0,3362.6,194.6,0.7973312550995615,750.03515625,trust_noise1,-0.0719262134823239,0.02654867256637168,-0.047569639566349,0.21513924303784812
10D,32,backsel_is_k4_trust,0.5315650775639236,0.0,0,3542.7,374.7,0.8663755960005801,830.953125,trust_noise1,-0.0678195639847575,0.028198590070496476,-0.043462990068782584,0.18279086045697715
10D,32,backsel_clust_k2_trust,0.47798612342517155,0.0,0,3366,198,0.7721756561251822,833.41015625,trust_noise1,-0.014240609846005434,0.4833258337083146,0.010115964069969478,0.6832658367081645
10D,32,backsel_clust_k4_trust,0.45279101335181293,0.0,0,3564,396,0.8025035705242771,811.95703125,trust_noise1,0.010954500227353137,0.6489175541222939,0.03531107414332805,0.1159942002899855
10D,32,replay_cohort64_trust,0.5566650884325348,0.0,0,3168,3168,0.6246498048480135,773.8828125,trust_noise1,-0.09291957485336871,0.000199990000499975,-0.0685630009373938,0.018499075046247686
10D,32,backsel_is_k4_cohort64_trust,0.5159516157957786,0.0,0,3542.35,374.35,0.7986695253232028,811.78125,replay_cohort64_trust,0.04071347263675619,0.11074446277686116,-0.027849528300637607,0.33503324833758313
10D,32,backsel_clust_k4_cohort64_trust,0.4901887697526357,0.0,0,3564,396,0.8574621586507419,815.8203125,replay_cohort64_trust,0.06647631867989913,0.0004999750012499375,-0.002086682257494672,0.9381030948452578
