setting,bucket,rule,k,n_diff,cos_x_med,cos_x_p10,sign_agree,cos_y_med,cos_y_p10,cos_y_std,cos_x_std,rel_norm_med,rel_norm_std,pass
10D,early,uniform,8,8.0,0.9728675901283218,0.27987468633240037,0.8574999999999999,1.0,1.0,0.32673298865556716,0.2988719101093011,0.42772620916366577,0.663351246342063,False
10D,early,uniform,16,16.0,0.9872150098284509,0.6838376509120636,0.9037499999999999,1.0,1.0,0.18162318766117097,0.17167597452134942,0.3015384376049042,0.45753259118646383,False
10D,early,uniform,32,32.0,0.9942274803041562,0.8733721842966389,0.9112500000000001,1.0,1.0,0.08088533729314804,0.09333288306879695,0.2111998349428177,0.3104270016774535,True
10D,early,uniform,64,64.0,0.9982904153100067,0.9702417807067706,0.9625,1.0,1.0,0.03985769897699356,0.03620927651591046,0.12110878527164459,0.19030206017196177,True
10D,early,importance,8,7.722499999999999,0.9796190217964165,0.39219379960771583,0.875,1.0,1.0,0.3266870349645615,0.26397183879016667,0.3731178343296051,0.5291257638484239,False
10D,early,importance,16,14.903749999999999,0.9897789102086965,0.683414604562806,0.88375,1.0,1.0,0.11217292696237564,0.14570886006677028,0.21566429734230042,0.374789934232831,False
10D,early,importance,32,27.71875,0.995107695053008,0.8647345023410274,0.91875,1.0,1.0,0.0500781312584877,0.09259900565466524,0.16655245423316956,0.2657968183979392,True
10D,early,importance,64,48.10125,0.9976424398146,0.939649064540828,0.95625,1.0,1.0,0.04498759061098099,0.050150114152984315,0.12398014217615128,0.20216664616018534,True
10D,early,kcenter,8,8.0,0.9843674622818185,0.7381459649518045,0.8875,1.0,1.0,0.0,0.1262074694957846,0.22570040822029114,0.29452689122408626,False
10D,early,kcenter,16,16.0,0.9928581943986936,0.908353335972031,0.9125,1.0,1.0,0.0,0.06220795015478871,0.1492708921432495,0.20020008478313683,True
10D,early,kcenter,32,32.0,0.9966943074296483,0.9535727030440465,0.95625,1.0,1.0,0.0,0.028466756503962642,0.09871946275234222,0.1393691494129598,True
10D,early,kcenter,64,64.0,0.998824627732999,0.9884831147884745,0.9637499999999999,1.0,1.0,0.0,0.010163705758156994,0.06575749069452286,0.08336067341733724,True
10D,early,kcenter_mean2,8,7.8575,0.983990462612944,0.6274316621527838,0.89,1.0,1.0,0.0,0.17732395424100106,0.2551499009132385,0.3382816270925105,False
10D,early,kcenter_mean2,16,15.43125,0.9924003141554544,0.862675956241247,0.915,1.0,1.0,0.0,0.0841629493967048,0.17832037806510925,0.22721909303218127,True
10D,early,kcenter_mean2,32,30.246249999999996,0.9969789144733252,0.9548127698761237,0.9512499999999999,1.0,1.0,0.0,0.031984817072179796,0.09731616079807281,0.14842909486033024,True
10D,early,kcenter_mean2,64,57.660000000000004,0.9987223744753241,0.9854587646243659,0.9737500000000001,1.0,1.0,0.0,0.00679583867039355,0.07400871813297272,0.09012683753389865,True
10D,mid,uniform,8,8.0,0.9720050879959365,0.41215644320208095,0.85375,1.0,1.0,0.28251494765281676,0.2218439189484343,0.3734752833843231,0.7647899560630321,False
10D,mid,uniform,16,16.0,0.9859468706390518,0.7154463473565053,0.9,1.0,1.0,0.09802742153406144,0.13551031448441792,0.2584517002105713,0.5273632567375899,False
10D,mid,uniform,32,32.0,0.9949466287973334,0.8367004492959095,0.92125,1.0,1.0,0.04893069416284561,0.0980659546014067,0.16579681634902954,0.34789504390209913,True
10D,mid,uniform,64,64.0,0.9975565107399937,0.9278300690441473,0.95375,1.0,1.0,0.0,0.05647549048217115,0.0972667708992958,0.2014649118296802,True
10D,mid,importance,8,7.7387500000000005,0.9715068302925435,0.4733997044904902,0.8525,1.0,1.0,0.20274968147277833,0.19383359595376531,0.27946144342422485,0.6672639403492212,False
10D,mid,importance,16,14.89625,0.9865603731070732,0.632135664653355,0.8800000000000001,1.0,1.0,0.11491557061672211,0.1535009839470149,0.21541567146778107,0.44788756109774114,False
10D,mid,importance,32,27.794999999999998,0.993961527415776,0.7983427683300185,0.93,1.0,1.0,0.04472135901451111,0.105214156367947,0.1451035737991333,0.3296911183744669,False
10D,mid,importance,64,48.677499999999995,0.9970741603345922,0.9219752803869369,0.9412499999999999,1.0,1.0,0.03775035440921783,0.07150802334981562,0.11255842447280884,0.2410581199452281,True
10D,mid,kcenter,8,8.0,0.9785266490103238,0.7268983067581906,0.9237500000000001,1.0,1.0,0.0,0.09486709223128856,0.17505887150764465,0.319280225597322,False
10D,mid,kcenter,16,16.0,0.9903525790445912,0.8282296184425207,0.90625,1.0,1.0,0.0,0.06927839589770883,0.11732671409845352,0.2215492614544928,True
10D,mid,kcenter,32,32.0,0.9958613795527671,0.9151684235549349,0.95,1.0,1.0,0.0,0.034748291510550186,0.07003290951251984,0.13636320508085192,True
10D,mid,kcenter,64,64.0,0.9985241998587033,0.9747740343606697,0.95375,1.0,1.0,0.0,0.014490074588684366,0.04746769368648529,0.07209572670981287,True
10D,mid,kcenter_mean2,8,7.9,0.9751192640479537,0.6555831737730656,0.89125,1.0,1.0,0.0,0.13322394072311,0.21587033569812775,0.3125538625754416,False
10D,mid,kcenter_mean2,16,15.5125,0.9901988250134798,0.8078607909444586,0.9125,1.0,1.0,0.0,0.07149573030619649,0.12098906189203262,0.22527629639953375,True
10D,mid,kcenter_mean2,32,30.52375,0.9961117182407945,0.9133702847946327,0.91875,1.0,1.0,0.0,0.04074753456843609,0.07938963174819946,0.13905942528508602,True
10D,mid,kcenter_mean2,64,57.395,0.998478709396904,0.9652916819667097,0.9650000000000001,1.0,1.0,0.0,0.018279015181542492,0.04274158552289009,0.08904795292764903,True
10D,late,uniform,8,8.0,0.9751504265448102,0.33480470702518816,0.8133333333333332,1.0,1.0,0.3860455850760142,0.28676672007810944,0.42479220032691956,0.6955315560102463,False
10D,late,uniform,16,16.0,0.9901896757195148,0.7095860574986578,0.8533333333333334,1.0,1.0,0.20272579590479534,0.18959000187848385,0.2879160940647125,0.4781576643387477,False
10D,late,uniform,32,32.0,0.9956967249034112,0.8756832942863163,0.9116666666666667,1.0,1.0,0.13041613698005677,0.12387156532543789,0.18761210143566132,0.3270034953951836,True
10D,late,uniform,64,64.0,0.9983314825273653,0.9662120687885202,0.9600000000000001,1.0,1.0,0.06665188272794088,0.02846035460067166,0.10380242764949799,0.19240973045428594,True
10D,late,importance,8,7.743333333333334,0.980521042694711,0.307194082929702,0.8200000000000001,1.0,1.0,0.3169463853041331,0.2852300770153912,0.3316616117954254,0.5478720645109812,False
10D,late,importance,16,14.866666666666667,0.9905997925923227,0.7474450680175388,0.8816666666666666,1.0,1.0,0.20470604300498962,0.15595215026502654,0.24570930004119873,0.3999108565350374,False
10D,late,importance,32,27.779999999999998,0.9952967101657086,0.8888531756917202,0.9083333333333333,1.0,1.0,0.11173798441886902,0.11545384330675006,0.18495124578475952,0.2963914453983307,True
10D,late,importance,64,48.085,0.9976672476763901,0.9514949113790173,0.94,1.0,1.0,0.09518624544143676,0.08115018995498152,0.10555100440979004,0.20569896946350733,True
10D,late,kcenter,8,8.0,0.9885302039862561,0.833212819911094,0.8666666666666667,1.0,1.0,0.0,0.08616171397734433,0.16064558923244476,0.26915449773271877,True
10D,late,kcenter,16,16.0,0.9948547251261107,0.8689685852151544,0.91,1.0,1.0,0.0,0.06065915464423597,0.1032605916261673,0.18951771321396033,True
10D,late,kcenter,32,32.0,0.9978497159450357,0.9466153862572781,0.935,1.0,1.0,0.0,0.029590840538730845,0.06643877178430557,0.12064434004326662,True
10D,late,kcenter,64,64.0,0.9990808301327103,0.9792406909997609,0.95,1.0,1.0,0.0,0.006251731842833882,0.04249576851725578,0.060711233985299866,True
10D,late,kcenter_mean2,8,7.89,0.9870449815202339,0.8401895038585574,0.895,1.0,1.0,0.0,0.08316377258937185,0.19464346766471863,0.26501945207516353,True
10D,late,kcenter_mean2,16,15.49,0.9936832079050258,0.8765060524896658,0.9133333333333333,1.0,1.0,0.0,0.05888247035327367,0.10765872150659561,0.19476917323966822,True
10D,late,kcenter_mean2,32,30.398333333333333,0.9974843973589523,0.9466556749967063,0.9383333333333332,1.0,1.0,0.0,0.02926910215464886,0.07180052995681763,0.1255685769642393,True
10D,late,kcenter_mean2,64,57.70166666666667,0.9990998240785725,0.9754143638725552,0.9600000000000001,1.0,1.0,0.0,0.011250557410676265,0.04286416620016098,0.07708852586025992,True
10D,all,uniform,8,8.0,0.9730263736349285,0.34602048946867836,0.844090909090909,1.0,1.0,0.3268298636783253,0.26756031604229724,0.405299574136734,0.7090144979682835,False
10D,all,uniform,16,16.0,0.9874785148909606,0.7079432800952253,0.8886363636363637,1.0,1.0,0.1569799840450287,0.1634104692416837,0.2784731686115265,0.48855058042840527,False
10D,all,uniform,32,32.0,0.994864297153395,0.8618054302990682,0.915,1.0,1.0,0.08277386697855862,0.10338273151428438,0.18761210143566132,0.32857260622761464,True
10D,all,uniform,64,64.0,0.9981284507447368,0.9573720695112656,0.9586363636363636,1.0,1.0,0.03267149491743608,0.04146546652675831,0.10919435322284698,0.19493609812449325,True
10D,all,importance,8,7.734090909090909,0.9773827866249704,0.40770533459689456,0.8518181818181818,1.0,1.0,0.2789623656056144,0.2442647245474456,0.3316616117954254,0.5844704554839568,False
10D,all,importance,16,14.89090909090909,0.989136432361388,0.6767961806995053,0.8818181818181818,1.0,1.0,0.1384065563028509,0.15133598425911093,0.216903418302536,0.4082220500843091,False
10D,all,importance,32,27.763181818181817,0.9947743892127947,0.8530790929326408,0.92,1.0,1.0,0.06494653766805475,0.10341947072824538,0.16620011627674103,0.29737509848041965,True
10D,all,importance,64,48.306363636363635,0.9974499743270749,0.9361608372871141,0.9463636363636363,1.0,1.0,0.056046410582282324,0.06637119271601312,0.11544761806726456,0.21727236116474324,True
10D,all,kcenter,8,8.0,0.9834004035468185,0.7637985906629781,0.895,1.0,1.0,0.0,0.10388939898548415,0.19397345185279846,0.29660836004398083,False
10D,all,kcenter,16,16.0,0.9920337385986866,0.8715222540906225,0.9095454545454545,1.0,1.0,0.0,0.0643566225584271,0.11732671409845352,0.20505004769021815,True
10D,all,kcenter,32,32.0,0.9966844741947889,0.9382598716092951,0.9481818181818181,1.0,1.0,0.0,0.03105751942493126,0.07660547643899918,0.13316931255500425,True
10D,all,kcenter,64,64.0,0.9987912647754107,0.9814611120248198,0.9563636363636364,1.0,1.0,0.0,0.010670028810533371,0.04951458424329758,0.07308720931495455,True
10D,all,kcenter_mean2,8,7.881818181818182,0.9823811109434502,0.7013023140458415,0.8918181818181817,1.0,1.0,0.0,0.13560753614768725,0.22403112053871155,0.3089454831724817,False
10D,all,kcenter_mean2,16,15.476818181818182,0.9917954740014726,0.8516235003331876,0.9136363636363637,1.0,1.0,0.0,0.07266201180649329,0.12138301134109497,0.21766264340416952,True
10D,all,kcenter_mean2,32,30.388636363636362,0.996789815911124,0.9378587240557891,0.9359090909090909,1.0,1.0,0.0,0.03443061027512819,0.08192701637744904,0.13878725558858027,True
10D,all,kcenter_mean2,64,57.575,0.9987307471843488,0.9770161655288326,0.9668181818181818,1.0,1.0,0.0,0.012186462512706633,0.057764939963817596,0.08617861267517914,True
dimy16,early,uniform,8,8.0,1.0,-1.0,0.83625,0.9833076171345841,0.9673356005802883,0.009884599270299077,0.5954691439867019,0.6268841028213501,4.1126999270170925,True
dimy16,early,uniform,16,16.0,1.0,-1.0,0.8699999999999999,0.9922770650569089,0.9835001755968846,0.004789284613798373,0.44831283688545226,0.5479719042778015,3.3296775564551355,True
dimy16,early,uniform,32,32.0,1.0,1.0,0.9099999999999999,0.9966175523733172,0.9930074853313636,0.0019827407886623405,0.2709540456533432,0.3079802393913269,2.261917155608535,True
dimy16,early,uniform,64,64.0,1.0,1.0,0.95375,0.9988945349700418,0.9977749204888725,0.0006368785492668394,0.16586907505989074,0.19745245575904846,1.2715305455029011,True
dimy16,early,importance,8,7.7625,1.0,-1.0,0.8300000000000001,0.9830207228983702,0.9650445730012713,0.010476128233131021,0.5472919315099716,0.6987346410751343,4.812689390406012,True
dimy16,early,importance,16,15.063749999999999,1.0,-1.0,0.8862500000000001,0.9912421172316156,0.9831435437745543,0.005066554591758176,0.44775414317846296,0.4949844777584076,3.0977717388421295,True
dimy16,early,importance,32,28.4575,1.0,-1.0,0.89625,0.9955666217199693,0.9917315784858818,0.0023254375526448713,0.36390923112630846,0.3887839913368225,3.0182238141074778,True
dimy16,early,importance,64,50.34875,1.0,1.0,0.925,0.997743331980573,0.9956222494133817,0.001237092528026551,0.23922166377305984,0.26089876890182495,2.0540304694324734,True
dimy16,early,kcenter,8,8.0,1.0,1.0,1.0,1.0,0.9999999999999999,0.0,0.0,1.1920928955078125e-07,4.433597844410997e-08,True
dimy16,early,kcenter,16,16.0,1.0,1.0,1.0,1.0,0.9999999999999999,0.0,0.0,1.1920928955078125e-07,4.433597844410997e-08,True
dimy16,early,kcenter,32,32.0,1.0,1.0,1.0,1.0,0.9999999999999999,0.0,0.0,1.1920928955078125e-07,4.433597844410997e-08,True
dimy16,early,kcenter,64,64.0,1.0,1.0,1.0,1.0,0.9999999999999999,0.0,0.0,1.1920928955078125e-07,4.433597844410997e-08,True
dimy16,early,kcenter_mean2,8,7.815,1.0,1.0,1.0,1.0,0.9999999999999999,0.0,0.0,1.1920928955078125e-07,4.433597844410997e-08,True
dimy16,early,kcenter_mean2,16,15.65625,1.0,1.0,1.0,1.0,0.9999999999999999,0.0,0.0,1.1920928955078125e-07,4.433597844410997e-08,True
dimy16,early,kcenter_mean2,32,30.7625,1.0,1.0,1.0,1.0,0.9999999999999999,0.0,0.0,1.1920928955078125e-07,4.433597844410997e-08,True
dimy16,early,kcenter_mean2,64,57.82625,1.0,1.0,1.0,1.0,0.9999999999999999,0.0,0.0,1.1920928955078125e-07,4.433597844410997e-08,True
dimy16,mid,uniform,8,8.0,1.0,-1.0,0.7725,0.9839780037358112,0.9613222241956931,0.009801415156107395,0.7183903768658638,0.9632798433303833,16.17237762361765,True
dimy16,mid,uniform,16,16.0,1.0,-1.0,0.8074999999999999,0.9923739890047593,0.9817986961207199,0.0044769533269573,0.6249162763357162,0.8177609443664551,10.472807364538312,True
dimy16,mid,uniform,32,32.0,1.0,-1.0,0.8699999999999999,0.9967989229001194,0.9925017513795575,0.002021783984673675,0.47525578886270525,0.5119057893753052,7.329343321919441,True
dimy16,mid,uniform,64,64.0,1.0,1.0,0.91625,0.9988651085028991,0.9974803491872037,0.0005936458786891307,0.29978430867195127,0.3770337402820587,5.407707485649735,True
dimy16,mid,importance,8,7.782500000000001,1.0,-1.0,0.73125,0.9824746448710435,0.9627403308649021,0.009420564013998956,0.8038341730833054,1.2224143743515015,17.571180164068938,True
dimy16,mid,importance,16,15.055000000000001,1.0,-1.0,0.79,0.9910317875147102,0.9807510316644628,0.004752654244657606,0.6807777002453804,0.7785902619361877,8.739240123331546,True
dimy16,mid,importance,32,28.26125,1.0,-1.0,0.83625,0.9955144239657601,0.9901270115300689,0.0023437662690412252,0.5402950257062912,0.5795363187789917,8.673286863416433,True
dimy16,mid,importance,64,50.23625,1.0,-1.0,0.86875,0.9977812047850882,0.9953489121485812,0.0011351429362548514,0.43013312071561816,0.5104128122329712,8.382153522223234,True
dimy16,mid,kcenter,8,8.0,1.0,1.0,1.0,1.0,0.9999999999999999,0.0,0.0,1.1920928955078125e-07,1.987474895770447e-08,True
dimy16,mid,kcenter,16,16.0,1.0,1.0,1.0,1.0,0.9999999999999999,0.0,0.0,1.1920928955078125e-07,1.987474895770447e-08,True
dimy16,mid,kcenter,32,32.0,1.0,1.0,1.0,1.0,0.9999999999999999,0.0,0.0,1.1920928955078125e-07,1.987474895770447e-08,True
dimy16,mid,kcenter,64,64.0,1.0,1.0,1.0,1.0,0.9999999999999999,0.0,0.0,1.1920928955078125e-07,1.987474895770447e-08,True
dimy16,mid,kcenter_mean2,8,7.4875,1.0,1.0,1.0,1.0,0.9999999999999999,0.0,0.0,1.1920928955078125e-07,1.987474895770447e-08,True
dimy16,mid,kcenter_mean2,16,15.319999999999999,1.0,1.0,1.0,1.0,0.9999999999999999,0.0,0.0,1.1920928955078125e-07,1.987474895770447e-08,True
dimy16,mid,kcenter_mean2,32,30.60625,1.0,1.0,1.0,1.0,0.9999999999999999,0.0,0.0,1.1920928955078125e-07,1.987474895770447e-08,True
dimy16,mid,kcenter_mean2,64,57.67125,1.0,1.0,1.0,1.0,0.9999999999999999,0.0,0.0,1.1920928955078125e-07,1.987474895770447e-08,True
dimy16,late,uniform,8,8.0,1.0,-1.0,0.69,0.9846976976768187,0.9613822664359596,0.008981948361421625,0.8634507616360982,1.0836970806121826,8.00675480266412,True
dimy16,late,uniform,16,16.0,1.0,-1.0,0.7616666666666667,0.992966054553983,0.9837192020693801,0.004053187735068301,0.6702249626318614,0.7799530029296875,6.969760206341744,True
dimy16,late,uniform,32,32.0,1.0,-1.0,0.8266666666666667,0.9969284239622455,0.9924319934041526,0.0018405898629377285,0.5499989966551463,0.533883273601532,3.911148406068484,True
dimy16,late,uniform,64,64.0,1.0,-1.0,0.8933333333333333,0.9989545427784295,0.9976472324576942,0.0005760216978766645,0.33312615553538005,0.405264675617218,2.146611080567042,True
dimy16,late,importance,8,7.776666666666667,1.0,-1.0,0.6916666666666667,0.9838853852495971,0.9616113571289381,0.009707603634645541,0.8754080355167388,1.2762988805770874,9.074532004197438,True
dimy16,late,importance,16,15.006666666666666,1.0,-1.0,0.7416666666666667,0.9918990118245934,0.9790804206764289,0.00477778899949044,0.7585769772529602,0.790895938873291,6.136112744609515,True
dimy16,late,importance,32,28.323333333333334,1.0,-1.0,0.81,0.9957152337961671,0.9907400769644257,0.0023339641901353996,0.6272659520308177,0.6719920635223389,4.952240581313769,True
dimy16,late,importance,64,50.075,1.0,-1.0,0.8433333333333334,0.9978501509620954,0.9948990750775968,0.001189449798160543,0.5011673827966054,0.4343339502811432,3.535527666906516,True
dimy16,late,kcenter,8,8.0,1.0,1.0,1.0,1.0,0.9999999999999999,0.0,0.0,5.960464477539063e-08,2.8538101067473082e-08,True
dimy16,late,kcenter,16,16.0,1.0,1.0,1.0,1.0,0.9999999999999999,0.0,0.0,5.960464477539063e-08,2.8538101067473082e-08,True
dimy16,late,kcenter,32,32.0,1.0,1.0,1.0,1.0,0.9999999999999999,0.0,0.0,5.960464477539063e-08,2.8538101067473082e-08,True
dimy16,late,kcenter,64,64.0,1.0,1.0,1.0,1.0,0.9999999999999999,0.0,0.0,5.960464477539063e-08,2.8538101067473082e-08,True
dimy16,late,kcenter_mean2,8,7.763333333333334,1.0,1.0,1.0,1.0,0.9999999999999999,0.0,0.0,5.960464477539063e-08,2.8538101067473082e-08,True
dimy16,late,kcenter_mean2,16,15.613333333333333,1.0,1.0,1.0,1.0,0.9999999999999999,0.0,0.0,5.960464477539063e-08,2.8538101067473082e-08,True
dimy16,late,kcenter_mean2,32,30.75,1.0,1.0,1.0,1.0,0.9999999999999999,0.0,0.0,5.960464477539063e-08,2.8538101067473082e-08,True
dimy16,late,kcenter_mean2,64,57.505,1.0,1.0,1.0,1.0,0.9999999999999999,0.0,0.0,5.960464477539063e-08,2.8538101067473082e-08,True
dimy16,all,uniform,8,8.0,1.0,-1.0,0.7731818181818182,0.9839531191871393,0.9636587416949136,0.00960817298089916,0.7132536698471416,0.831414520740509,9.56005223732103,True
dimy16,all,uniform,16,16.0,1.0,-1.0,0.8177272727272727,0.992499908753148,0.9831331502133642,0.004474955906202509,0.5730537582527507,0.648594081401825,6.919929118454457,True
dimy16,all,uniform,32,32.0,1.0,-1.0,0.8727272727272727,0.9967559167730666,0.992768728910337,0.0019581698801961135,0.421348757093603,0.47162413597106934,4.554407920756123,True
dimy16,all,uniform,64,64.0,1.0,1.0,0.9236363636363636,0.9989021023955167,0.9976420033809249,0.0006045602550412613,0.26018109104850073,0.26893407106399536,3.0142532151192425,True
dimy16,all,importance,8,7.7736363636363635,1.0,-1.0,0.7563636363636363,0.983104774492357,0.9630535527338172,0.009882689081132412,0.7300662295384841,0.8540261387825012,10.614461293681101,True
dimy16,all,importance,16,15.045,1.0,-1.0,0.8118181818181818,0.9913233886198757,0.9815183311901096,0.0048736547585576774,0.6172598459503867,0.6753377914428711,5.97785324386575,True
dimy16,all,importance,32,28.349545454545453,1.0,-1.0,0.8509090909090908,0.9955834414420281,0.9909742598962739,0.0023344279870136896,0.4998740803111683,0.531316876411438,5.602069495821541,True
dimy16,all,importance,64,50.23318181818181,1.0,-1.0,0.8822727272727272,0.9977865213757354,0.9954176735169221,0.00118702647741884,0.38008375330404803,0.39367038011550903,4.759210815212944,True
dimy16,all,kcenter,8,8.0,1.0,1.0,1.0,1.0,0.9999999999999999,0.0,0.0,5.960464477539063e-08,3.113247389178882e-08,True
dimy16,all,kcenter,16,16.0,1.0,1.0,1.0,1.0,0.9999999999999999,0.0,0.0,5.960464477539063e-08,3.113247389178882e-08,True
dimy16,all,kcenter,32,32.0,1.0,1.0,1.0,1.0,0.9999999999999999,0.0,0.0,5.960464477539063e-08,3.113247389178882e-08,True
dimy16,all,kcenter,64,64.0,1.0,1.0,1.0,1.0,0.9999999999999999,0.0,0.0,5.960464477539063e-08,3.113247389178882e-08,True
dimy16,all,kcenter_mean2,8,7.681818181818182,1.0,1.0,1.0,1.0,0.9999999999999999,0.0,0.0,5.960464477539063e-08,3.113247389178882e-08,True
dimy16,all,kcenter_mean2,16,15.522272727272728,1.0,1.0,1.0,1.0,0.9999999999999999,0.0,0.0,5.960464477539063e-08,3.113247389178882e-08,True
dimy16,all,kcenter_mean2,32,30.702272727272728,1.0,1.0,1.0,1.0,0.9999999999999999,0.0,0.0,5.960464477539063e-08,3.113247389178882e-08,True
dimy16,all,kcenter_mean2,64,57.68227272727273,1.0,1.0,1.0,1.0,0.9999999999999999,0.0,0.0,5.960464477539063e-08,3.113247389178882e-08,True
dimy8,early,uniform,8,8.0,1.0,1.0,0.9099999999999999,0.9934888287257381,0.943997660229896,0.014459109042945784,0.24871598333120346,0.1904001235961914,0.5905624938663095,True
dimy8,early,uniform,16,16.0,1.0,1.0,0.91375,0.9968353246200083,0.9726568846600211,0.008380210732502747,0.24075115770101546,0.13483913242816925,0.4417257745983079,True
dimy8,early,uniform,32,32.0,1.0,1.0,0.9637499999999999,0.9985831777562566,0.9869328262135588,0.004241157267460949,0.15867707133293152,0.08202596008777618,0.30218080640770495,True
dimy8,early,uniform,64,64.0,1.0,1.0,0.97625,0.9995293744575076,0.9959300684885855,0.001326135479007462,0.0908957377076149,0.05177199840545654,0.19990812299074606,True
dimy8,early,importance,8,7.7625,1.0,-1.0,0.89875,0.9914632945233873,0.9388947354959352,0.014590374580438947,0.27893934696912764,0.14004620909690857,0.5517835148144513,True
dimy8,early,importance,16,15.044999999999998,1.0,1.0,0.925,0.995347680469613,0.9683269535544322,0.009168889134161872,0.23572128564119338,0.1223844513297081,0.43869400483963544,True
dimy8,early,importance,32,28.36375,1.0,1.0,0.96,0.9979756898630611,0.9856877409002514,0.0043978252815577434,0.17822863459587096,0.07809804379940033,0.3368343536683824,True
dimy8,early,importance,64,50.082499999999996,1.0,1.0,0.9712500000000001,0.9991442001982677,0.9922202997451199,0.0024494115176821652,0.13061388731002807,0.06366818398237228,0.2659683476551436,True
dimy8,early,kcenter,8,8.0,1.0,1.0,1.0,1.0,0.9999999999999998,0.0,0.0,1.7881393432617188e-07,5.198011265861169e-08,True
dimy8,early,kcenter,16,16.0,1.0,1.0,1.0,1.0,0.9999999999999998,0.0,0.0,1.7881393432617188e-07,5.198011265861169e-08,True
dimy8,early,kcenter,32,32.0,1.0,1.0,1.0,1.0,0.9999999999999998,0.0,0.0,1.7881393432617188e-07,5.198011265861169e-08,True
dimy8,early,kcenter,64,64.0,1.0,1.0,1.0,1.0,0.9999999999999998,0.0,0.0,1.7881393432617188e-07,5.198011265861169e-08,True
dimy8,early,kcenter_mean2,8,7.709999999999999,1.0,1.0,1.0,1.0,0.9999999999999998,0.0,0.0,1.7881393432617188e-07,5.198011265861169e-08,True
dimy8,early,kcenter_mean2,16,15.54375,1.0,1.0,1.0,1.0,0.9999999999999998,0.0,0.0,1.7881393432617188e-07,5.198011265861169e-08,True
dimy8,early,kcenter_mean2,32,30.48875,1.0,1.0,1.0,1.0,0.9999999999999998,0.0,0.0,1.7881393432617188e-07,5.198011265861169e-08,True
dimy8,early,kcenter_mean2,64,57.760000000000005,1.0,1.0,1.0,1.0,0.9999999999999998,0.0,0.0,1.7881393432617188e-07,5.198011265861169e-08,True
dimy8,mid,uniform,8,8.0,1.0,-1.0,0.8699999999999999,0.9716871386090548,0.8592628790674521,0.046851989018614405,0.346648183465004,0.42705050110816956,1.431266866857186,True
dimy8,mid,uniform,16,16.0,1.0,1.0,0.9,0.9870250292274795,0.9195590904315741,0.030024712951853872,0.2741230070590973,0.28360050916671753,1.0781356192193925,True
dimy8,mid,uniform,32,32.0,1.0,1.0,0.9125,0.9943224412515024,0.9689673806504883,0.012988705640236731,0.2461788073182106,0.19323037564754486,0.6813622364541516,True
dimy8,mid,uniform,64,64.0,1.0,1.0,0.92875,0.9980289497423039,0.9893425864251759,0.004753065890872677,0.21324732452630996,0.1100398525595665,0.3814371951972134,True
dimy8,mid,importance,8,7.77625,1.0,-1.0,0.8625,0.9699252390054139,0.8565183066502787,0.0459207307867473,0.3784561291337013,0.43233054876327515,1.462182824453339,True
dimy8,mid,importance,16,15.05875,1.0,-1.0,0.8925000000000001,0.9844470115877033,0.9103139030641346,0.028250702485092916,0.3302290290594101,0.2935895621776581,1.0362644105101935,True
dimy8,mid,importance,32,28.276249999999997,1.0,1.0,0.9075,0.9925435517030393,0.9571849318150725,0.017641797868418508,0.24961785823106766,0.2086237221956253,0.8112391934380867,True
dimy8,mid,importance,64,50.41875,1.0,1.0,0.9324999999999999,0.9963893100326742,0.9798598195986991,0.008615334737987724,0.21574413478374482,0.14772872626781464,0.5531860944349318,True
dimy8,mid,kcenter,8,8.0,1.0,1.0,1.0,1.0,0.9999999999999999,0.0,0.0,1.1920928955078125e-07,2.44612294864055e-08,True
dimy8,mid,kcenter,16,16.0,1.0,1.0,1.0,1.0,0.9999999999999999,0.0,0.0,1.1920928955078125e-07,2.44612294864055e-08,True
dimy8,mid,kcenter,32,32.0,1.0,1.0,1.0,1.0,0.9999999999999999,0.0,0.0,1.1920928955078125e-07,2.44612294864055e-08,True
dimy8,mid,kcenter,64,64.0,1.0,1.0,1.0,1.0,0.9999999999999999,0.0,0.0,1.1920928955078125e-07,2.44612294864055e-08,True
dimy8,mid,kcenter_mean2,8,7.859999999999999,1.0,1.0,1.0,1.0,0.9999999999999999,0.0,0.0,1.1920928955078125e-07,2.44612294864055e-08,True
dimy8,mid,kcenter_mean2,16,15.71875,1.0,1.0,1.0,1.0,0.9999999999999999,0.0,0.0,1.1920928955078125e-07,2.44612294864055e-08,True
dimy8,mid,kcenter_mean2,32,30.702499999999997,1.0,1.0,1.0,1.0,0.9999999999999999,0.0,0.0,1.1920928955078125e-07,2.44612294864055e-08,True
dimy8,mid,kcenter_mean2,64,57.563750000000006,1.0,1.0,1.0,1.0,0.9999999999999999,0.0,0.0,1.1920928955078125e-07,2.44612294864055e-08,True
dimy8,late,uniform,8,8.0,1.0,-1.0,0.8866666666666667,0.9650661027445308,0.8846771839333502,0.04803089691946904,0.4119572738806407,0.5038737654685974,0.9395847205072642,True
dimy8,late,uniform,16,16.0,1.0,1.0,0.9316666666666666,0.9846602846772422,0.931726816485127,0.028357671263317268,0.2680116891860962,0.350449800491333,0.6937254323313634,True
dimy8,late,uniform,32,32.0,1.0,1.0,0.965,0.9933894525135667,0.9715009962948697,0.013193589091921845,0.13840227127075194,0.19506938755512238,0.48572856311996776,True
dimy8,late,uniform,64,64.0,1.0,1.0,0.9783333333333334,0.997696183951311,0.989313062727373,0.005122391080173354,0.05862244764963786,0.10836653411388397,0.284594059176743,True
dimy8,late,importance,8,7.785,1.0,-1.0,0.8883333333333333,0.9639062676495328,0.8502709809366351,0.054446772175530594,0.3912669837474823,0.43884873390197754,0.9644106145948171,True
dimy8,late,importance,16,15.046666666666665,1.0,1.0,0.92,0.9816087080780449,0.9240120751562387,0.03615932185202837,0.2592009921868642,0.34940260648727417,0.7325496137763063,True
dimy8,late,importance,32,28.290000000000003,1.0,1.0,0.9483333333333334,0.9913401781079073,0.962811379822649,0.016968663145477573,0.23070445855458577,0.21790297329425812,0.5001719173664848,True
dimy8,late,importance,64,50.33166666666667,1.0,1.0,0.975,0.9955721363093631,0.9830402999657175,0.008047200475508968,0.10558909376462301,0.1581091582775116,0.3265796599599222,True
dimy8,late,kcenter,8,8.0,1.0,1.0,1.0,1.0,0.9999999999999998,0.0,0.0,5.960464477539063e-08,1.8345922114804125e-08,True
dimy8,late,kcenter,16,16.0,1.0,1.0,1.0,1.0,0.9999999999999998,0.0,0.0,5.960464477539063e-08,1.8345922114804125e-08,True
dimy8,late,kcenter,32,32.0,1.0,1.0,1.0,1.0,0.9999999999999998,0.0,0.0,5.960464477539063e-08,1.8345922114804125e-08,True
dimy8,late,kcenter,64,64.0,1.0,1.0,1.0,1.0,0.9999999999999998,0.0,0.0,5.960464477539063e-08,1.8345922114804125e-08,True
dimy8,late,kcenter_mean2,8,7.996666666666667,1.0,1.0,1.0,1.0,0.9999999999999998,0.0,0.0,5.960464477539063e-08,1.8345922114804125e-08,True
dimy8,late,kcenter_mean2,16,15.886666666666667,1.0,1.0,1.0,1.0,0.9999999999999998,0.0,0.0,5.960464477539063e-08,1.8345922114804125e-08,True
dimy8,late,kcenter_mean2,32,31.198333333333334,1.0,1.0,1.0,1.0,0.9999999999999998,0.0,0.0,5.960464477539063e-08,1.8345922114804125e-08,True
dimy8,late,kcenter_mean2,64,58.34166666666667,1.0,1.0,1.0,1.0,0.9999999999999998,0.0,0.0,5.960464477539063e-08,1.8345922114804125e-08,True
dimy8,all,uniform,8,8.0,1.0,-1.0,0.889090909090909,0.9782008158799369,0.8957151229011326,0.03539428027314981,0.3288480444387956,0.330385684967041,0.9914610549468886,True
dimy8,all,uniform,16,16.0,1.0,1.0,0.9136363636363637,0.9902033766042418,0.9394174710425576,0.02169933713885257,0.2603210660544309,0.21240119636058807,0.7418747156604447,True
dimy8,all,uniform,32,32.0,1.0,1.0,0.9454545454545454,0.9956954031834495,0.9753279826881391,0.009863656264232386,0.18496639349243857,0.14500188827514648,0.4901234418915754,True
dimy8,all,uniform,64,64.0,1.0,1.0,0.9595454545454545,0.9985428187008201,0.9917150506405287,0.003607634429094601,0.12658541744405574,0.08669031411409378,0.28901485911655156,True
dimy8,all,importance,8,7.7736363636363635,1.0,-1.0,0.8827272727272727,0.9769907836741493,0.8868057542829559,0.03685315799957607,0.3457620777867057,0.36671701073646545,0.9953724728050557,True
dimy8,all,importance,16,15.050454545454546,1.0,1.0,0.9118181818181817,0.9886797989865799,0.938701698416628,0.023468757457554935,0.2764912941239097,0.23086054623126984,0.7361347729752941,True
dimy8,all,importance,32,28.311818181818182,1.0,1.0,0.9377272727272727,0.9943838885254931,0.96924833020245,0.012642225639667066,0.21849994063377381,0.1619056761264801,0.5538918127750301,True
dimy8,all,importance,64,50.27272727272727,1.0,1.0,0.9581818181818182,0.9972956529547417,0.9844680780393199,0.006218235131746042,0.15474539724263278,0.11241666972637177,0.386941522567279,True
dimy8,all,kcenter,8,8.0,1.0,1.0,1.0,1.0,0.9999999999999998,0.0,0.0,1.1920928955078125e-07,3.280028499313465e-08,True
dimy8,all,kcenter,16,16.0,1.0,1.0,1.0,1.0,0.9999999999999998,0.0,0.0,1.1920928955078125e-07,3.280028499313465e-08,True
dimy8,all,kcenter,32,32.0,1.0,1.0,1.0,1.0,0.9999999999999998,0.0,0.0,1.1920928955078125e-07,3.280028499313465e-08,True
dimy8,all,kcenter,64,64.0,1.0,1.0,1.0,1.0,0.9999999999999998,0.0,0.0,1.1920928955078125e-07,3.280028499313465e-08,True
dimy8,all,kcenter_mean2,8,7.842727272727273,1.0,1.0,1.0,1.0,0.9999999999999998,0.0,0.0,1.1920928955078125e-07,3.280028499313465e-08,True
dimy8,all,kcenter_mean2,16,15.70090909090909,1.0,1.0,1.0,1.0,0.9999999999999998,0.0,0.0,1.1920928955078125e-07,3.280028499313465e-08,True
dimy8,all,kcenter_mean2,32,30.759999999999998,1.0,1.0,1.0,1.0,0.9999999999999998,0.0,0.0,1.1920928955078125e-07,3.280028499313465e-08,True
dimy8,all,kcenter_mean2,64,57.847272727272724,1.0,1.0,1.0,1.0,0.9999999999999998,0.0,0.0,1.1920928955078125e-07,3.280028499313465e-08,True
nuis16,early,uniform,8,8.0,1.0,-1.0,0.7,0.6543632116935626,-0.10666425480473314,0.31006314703263343,0.7433518961071968,1.107873797416687,11.661974372994155,False
nuis16,early,uniform,16,16.0,1.0,-1.0,0.745,0.7529132928062131,0.024691503176967347,0.2671377838298213,0.706280967593193,0.7993362545967102,6.959969378355891,False
nuis16,early,uniform,32,32.0,1.0,-1.0,0.8074999999999999,0.8746610327388077,0.24994553388287086,0.1950100663903868,0.598648051917553,0.6559356451034546,5.352711505210027,False
nuis16,early,uniform,64,64.0,1.0,-1.0,0.8375,0.9575052134078809,0.5705131096361812,0.11044076089456212,0.39991604834794997,0.4662068784236908,2.9162547846790403,False
nuis16,early,importance,8,7.7612499999999995,1.0,-1.0,0.7112499999999999,0.636217120466253,-0.12471905021931684,0.2905093835433945,0.7254413098096848,1.1109449863433838,12.208553352952004,False
nuis16,early,importance,16,15.0475,1.0,-1.0,0.75125,0.7495771652572792,0.0049734584249084435,0.24988130547571927,0.6573715180158615,0.7790111303329468,8.505820834077895,False
nuis16,early,importance,32,28.445,1.0,-1.0,0.79625,0.8511915688781196,0.24162097635289345,0.2021674963471014,0.5866019830107689,0.6608843207359314,5.11661498490721,False
nuis16,early,importance,64,50.09875,1.0,-1.0,0.8237500000000001,0.9193362666940831,0.3879455678990543,0.14865722396643832,0.5123608320951462,0.511525571346283,3.6022306099534034,False
nuis16,early,kcenter,8,8.0,1.0,1.0,1.0,1.0,0.9999999999999998,0.0,0.0,2.384185791015625e-07,6.115307371601375e-08,True
nuis16,early,kcenter,16,16.0,1.0,1.0,1.0,1.0,0.9999999999999998,0.0,0.0,2.384185791015625e-07,6.115307371601375e-08,True
nuis16,early,kcenter,32,32.0,1.0,1.0,1.0,1.0,0.9999999999999998,0.0,0.0,2.384185791015625e-07,6.115307371601375e-08,True
nuis16,early,kcenter,64,64.0,1.0,1.0,1.0,1.0,0.9999999999999998,0.0,0.0,2.384185791015625e-07,6.115307371601375e-08,True
nuis16,early,kcenter_mean2,8,7.90125,1.0,1.0,1.0,1.0,0.9999999999999998,0.0,0.0,2.384185791015625e-07,6.115307371601375e-08,True
nuis16,early,kcenter_mean2,16,15.721250000000001,1.0,1.0,1.0,1.0,0.9999999999999998,0.0,0.0,2.384185791015625e-07,6.115307371601375e-08,True
nuis16,early,kcenter_mean2,32,30.814999999999998,1.0,1.0,1.0,1.0,0.9999999999999998,0.0,0.0,2.384185791015625e-07,6.115307371601375e-08,True
nuis16,early,kcenter_mean2,64,57.98625,1.0,1.0,1.0,1.0,0.9999999999999998,0.0,0.0,2.384185791015625e-07,6.115307371601375e-08,True
nuis16,mid,uniform,8,8.0,1.0,-1.0,0.65,0.43211174199302144,-0.08343651375925112,0.21184835392050444,0.7119028404355049,7.4645562171936035,111.72949430611916,False
nuis16,mid,uniform,16,16.0,1.0,-1.0,0.665,0.5968906178111077,0.08652561446643435,0.19139545378275216,0.6922269508242607,5.140877723693848,51.254210403887555,False
nuis16,mid,uniform,32,32.0,1.0,-1.0,0.6900000000000001,0.7259952222612466,0.1770392791337614,0.19077994907856918,0.6911973610520363,3.390160322189331,47.67460689586587,False
nuis16,mid,uniform,64,64.0,1.0,-1.0,0.73125,0.8765990300709355,0.4636045747937702,0.14150150421774016,0.6426494091749191,2.001272201538086,28.274440390220843,False
nuis16,mid,importance,8,7.78875,1.0,-1.0,0.66125,0.47107429365896963,-0.06663557333947909,0.20565577917732297,0.7012249112129212,8.732556343078613,118.3795372181572,False
nuis16,mid,importance,16,15.0775,1.0,-1.0,0.675,0.5676599367375178,0.030304821730351445,0.19719990611774846,0.6893172949552536,4.996098041534424,66.39287459242624,False
nuis16,mid,importance,32,28.3,1.0,-1.0,0.69875,0.6743014546777442,0.1487641947358053,0.18306106814416126,0.6923991546034813,4.254406929016113,63.81093927919865,False
nuis16,mid,importance,64,50.378750000000004,1.0,-1.0,0.7150000000000001,0.7833873583887858,0.32608517545528454,0.16185634556459264,0.6686137273907662,2.7506937980651855,27.361787985661067,False
nuis16,mid,kcenter,8,8.0,1.0,1.0,1.0,1.0,0.9999999999999998,0.0,0.0,1.1920928955078125e-07,2.7518883172206188e-08,True
nuis16,mid,kcenter,16,16.0,1.0,1.0,1.0,1.0,0.9999999999999998,0.0,0.0,1.1920928955078125e-07,2.7518883172206188e-08,True
nuis16,mid,kcenter,32,32.0,1.0,1.0,1.0,1.0,0.9999999999999998,0.0,0.0,1.1920928955078125e-07,2.7518883172206188e-08,True
nuis16,mid,kcenter,64,64.0,1.0,1.0,1.0,1.0,0.9999999999999998,0.0,0.0,1.1920928955078125e-07,2.7518883172206188e-08,True
nuis16,mid,kcenter_mean2,8,7.9875,1.0,1.0,1.0,1.0,0.9999999999999998,0.0,0.0,1.1920928955078125e-07,2.7518883172206188e-08,True
nuis16,mid,kcenter_mean2,16,15.88125,1.0,1.0,1.0,1.0,0.9999999999999998,0.0,0.0,1.1920928955078125e-07,2.7518883172206188e-08,True
nuis16,mid,kcenter_mean2,32,30.95,1.0,1.0,1.0,1.0,0.9999999999999998,0.0,0.0,1.1920928955078125e-07,2.7518883172206188e-08,True
nuis16,mid,kcenter_mean2,64,57.81875,1.0,1.0,1.0,1.0,0.9999999999999998,0.0,0.0,1.1920928955078125e-07,2.7518883172206188e-08,True
nuis16,late,uniform,8,8.0,1.0,-1.0,0.6083333333333333,0.3825184481785687,-0.045430337192096416,0.17108251086125772,0.7707432985305787,13.699348449707031,88.13379757752021,False
nuis16,late,uniform,16,16.0,1.0,-1.0,0.64,0.49352660412947597,0.02763723737846598,0.17564085200428964,0.7493876636028289,8.060270309448242,51.40360218062997,False
nuis16,late,uniform,32,32.0,1.0,-1.0,0.645,0.6248572363082349,0.17909795409662405,0.15998180898216863,0.7504318714141845,5.957223415374756,29.198804564525684,False
nuis16,late,uniform,64,64.0,1.0,-1.0,0.6766666666666666,0.7912582542016381,0.3923114775134797,0.14519081455655397,0.7256701211134593,2.6843628883361816,21.715927950665353,False
nuis16,late,importance,8,7.788333333333333,1.0,-1.0,0.64,0.4021940837803566,-0.03912437447404689,0.18007129399726787,0.7514669716358184,14.64159870147705,89.48134015227357,False
nuis16,late,importance,16,15.038333333333332,1.0,-1.0,0.6383333333333333,0.4722701238576254,0.042367693939284204,0.1713236493524164,0.7569723765055338,8.715304374694824,49.989345427850886,False
nuis16,late,importance,32,28.41166666666667,1.0,-1.0,0.635,0.5829316365861694,0.12592946199968855,0.16635258191575605,0.7525485436121623,5.144039154052734,33.510366319864985,False
nuis16,late,importance,64,50.526666666666664,1.0,-1.0,0.6666666666666666,0.6816922384122871,0.193315124055726,0.1653498822124675,0.7265033483505249,4.860963821411133,28.063876255601645,False
nuis16,late,kcenter,8,8.0,1.0,1.0,1.0,1.0,0.9999999999999999,0.0,0.0,5.960464477539063e-08,2.44612294864055e-08,True
nuis16,late,kcenter,16,16.0,1.0,1.0,1.0,1.0,0.9999999999999999,0.0,0.0,5.960464477539063e-08,2.44612294864055e-08,True
nuis16,late,kcenter,32,32.0,1.0,1.0,1.0,1.0,0.9999999999999999,0.0,0.0,5.960464477539063e-08,2.44612294864055e-08,True
nuis16,late,kcenter,64,64.0,1.0,1.0,1.0,1.0,0.9999999999999999,0.0,0.0,5.960464477539063e-08,2.44612294864055e-08,True
nuis16,late,kcenter_mean2,8,7.996666666666667,1.0,1.0,1.0,1.0,0.9999999999999999,0.0,0.0,5.960464477539063e-08,2.44612294864055e-08,True
nuis16,late,kcenter_mean2,16,15.836666666666668,1.0,1.0,1.0,1.0,0.9999999999999999,0.0,0.0,5.960464477539063e-08,2.44612294864055e-08,True
nuis16,late,kcenter_mean2,32,31.01833333333333,1.0,1.0,1.0,1.0,0.9999999999999999,0.0,0.0,5.960464477539063e-08,2.44612294864055e-08,True
nuis16,late,kcenter_mean2,64,58.15,1.0,1.0,1.0,1.0,0.9999999999999999,0.0,0.0,5.960464477539063e-08,2.44612294864055e-08,True
nuis16,all,uniform,8,8.0,1.0,-1.0,0.6568181818181819,0.4793961170886422,-0.07984034789989225,0.23644486694512043,0.7393862583420493,5.5704216957092285,68.90611522263762,False
nuis16,all,uniform,16,16.0,1.0,-1.0,0.6872727272727273,0.6177312451010798,0.0465864949207333,0.2146414096784693,0.7129267876798456,3.473900556564331,35.18795687916943,False
nuis16,all,uniform,32,32.0,1.0,-1.0,0.7204545454545455,0.750512588369177,0.19551402991823477,0.18391868080202997,0.6736979332837192,2.1705963611602783,27.245971572534604,False
nuis16,all,uniform,64,64.0,1.0,-1.0,0.755,0.8899401384770423,0.45200220328682267,0.13121286401080645,0.5770247448574413,1.338693380355835,17.264596777417783,False
nuis16,all,importance,8,7.778636363636363,1.0,-1.0,0.6736363636363636,0.49946684021602866,-0.07541904961776302,0.22953404844315214,0.7237332544543527,6.4422287940979,71.89058024920523,False
nuis16,all,importance,16,15.055909090909092,1.0,-1.0,0.6927272727272727,0.598048272407042,0.028388700625225548,0.20929961767555638,0.6961520346728238,4.187899589538574,40.86934708996083,False
nuis16,all,importance,32,28.383181818181818,1.0,-1.0,0.7168181818181818,0.7072168593009048,0.16408181714000314,0.18545200033748352,0.6703318346630444,2.600304365158081,34.20375600145622,False
nuis16,all,importance,64,50.31727272727272,1.0,-1.0,0.7413636363636363,0.8184314940031082,0.29265920146926544,0.1580094477055933,0.627582571181384,1.9628255367279053,18.91342755902389,False
nuis16,all,kcenter,8,8.0,1.0,1.0,1.0,1.0,0.9999999999999998,0.0,0.0,1.1920928955078125e-07,3.8915592364736025e-08,True
nuis16,all,kcenter,16,16.0,1.0,1.0,1.0,1.0,0.9999999999999998,0.0,0.0,1.1920928955078125e-07,3.8915592364736025e-08,True
nuis16,all,kcenter,32,32.0,1.0,1.0,1.0,1.0,0.9999999999999998,0.0,0.0,1.1920928955078125e-07,3.8915592364736025e-08,True
nuis16,all,kcenter,64,64.0,1.0,1.0,1.0,1.0,0.9999999999999998,0.0,0.0,1.1920928955078125e-07,3.8915592364736025e-08,True
nuis16,all,kcenter_mean2,8,7.958636363636364,1.0,1.0,1.0,1.0,0.9999999999999998,0.0,0.0,1.1920928955078125e-07,3.8915592364736025e-08,True
nuis16,all,kcenter_mean2,16,15.81090909090909,1.0,1.0,1.0,1.0,0.9999999999999998,0.0,0.0,1.1920928955078125e-07,3.8915592364736025e-08,True
nuis16,all,kcenter_mean2,32,30.919545454545457,1.0,1.0,1.0,1.0,0.9999999999999998,0.0,0.0,1.1920928955078125e-07,3.8915592364736025e-08,True
nuis16,all,kcenter_mean2,64,57.97,1.0,1.0,1.0,1.0,0.9999999999999998,0.0,0.0,1.1920928955078125e-07,3.8915592364736025e-08,True
nuis8,early,uniform,8,8.0,1.0,-1.0,0.665,0.6456792998171963,-0.4614285328869427,0.4119539425242692,0.8101694777607917,3.175771713256836,8.184439356066287,False
nuis8,early,uniform,16,16.0,1.0,-1.0,0.6875,0.7762698179932105,-0.2848040573014892,0.36496022415813056,0.7784990623593331,1.8483718633651733,4.948043808341026,False
nuis8,early,uniform,32,32.0,1.0,-1.0,0.73375,0.8456801546454631,-0.07794926728421461,0.310572724964004,0.723100520670414,1.277718424797058,3.46064408197999,False
nuis8,early,uniform,64,64.0,1.0,-1.0,0.7775000000000001,0.9186357604816189,0.2102294272179251,0.2383584378985688,0.6341090083122254,0.7223764061927795,2.0329442424932496,False
nuis8,early,importance,8,7.7575,1.0,-1.0,0.6487499999999999,0.6660197224682906,-0.49740287652193765,0.3950422604801133,0.7919290602207184,3.5021934509277344,7.97277823202312,False
nuis8,early,importance,16,15.005,1.0,-1.0,0.67875,0.7419558583041026,-0.28619978757731773,0.35558229458983986,0.7745943203568458,2.016577959060669,4.91035663895309,False
nuis8,early,importance,32,28.314999999999998,1.0,-1.0,0.73,0.7972322054368106,-0.1285027172457194,0.3123497524182312,0.7074828922748566,1.3940813541412354,3.748816297808662,False
nuis8,early,importance,64,49.7625,1.0,-1.0,0.77,0.8766803744315084,0.07999261708184706,0.2746319462894462,0.6727203309535981,0.8734203577041626,2.675604796409607,False
nuis8,early,kcenter,8,8.0,1.0,1.0,1.0,1.0,0.9999999999999998,0.0,0.0,2.384185791015625e-07,4.8922458972811e-08,True
nuis8,early,kcenter,16,16.0,1.0,1.0,1.0,1.0,0.9999999999999998,0.0,0.0,2.384185791015625e-07,4.8922458972811e-08,True
nuis8,early,kcenter,32,32.0,1.0,1.0,1.0,1.0,0.9999999999999998,0.0,0.0,2.384185791015625e-07,4.8922458972811e-08,True
nuis8,early,kcenter,64,64.0,1.0,1.0,1.0,1.0,0.9999999999999998,0.0,0.0,2.384185791015625e-07,4.8922458972811e-08,True
nuis8,early,kcenter_mean2,8,7.9262500000000005,1.0,1.0,1.0,1.0,0.9999999999999998,0.0,0.0,2.384185791015625e-07,4.8922458972811e-08,True
nuis8,early,kcenter_mean2,16,15.8475,1.0,1.0,1.0,1.0,0.9999999999999998,0.0,0.0,2.384185791015625e-07,4.8922458972811e-08,True
nuis8,early,kcenter_mean2,32,31.128750000000004,1.0,1.0,1.0,1.0,0.9999999999999998,0.0,0.0,2.384185791015625e-07,4.8922458972811e-08,True
nuis8,early,kcenter_mean2,64,57.95375,1.0,1.0,1.0,1.0,0.9999999999999998,0.0,0.0,2.384185791015625e-07,4.8922458972811e-08,True
nuis8,mid,uniform,8,8.0,1.0,-1.0,0.6287499999999999,0.3697096866422749,-0.1661396622415572,0.23048826036974787,0.7475487202405929,17.544586181640625,25.15775860324502,False
nuis8,mid,uniform,16,16.0,1.0,-1.0,0.6637500000000001,0.4641545409181093,-0.05083623392938545,0.2031092026270926,0.7297795683145523,14.025472640991211,14.836389257851987,False
nuis8,mid,uniform,32,32.0,1.0,-1.0,0.63625,0.5786041706788665,0.02865676594631367,0.20095416828989981,0.7079537346959114,8.75391960144043,10.389791075466201,False
nuis8,mid,uniform,64,64.0,1.0,-1.0,0.67375,0.7746855634360459,0.24980127190268278,0.18061378403072012,0.687804602086544,4.149690628051758,5.635563371097669,False
nuis8,mid,importance,8,7.78375,1.0,-1.0,0.63625,0.4075510112422011,-0.17031025299363248,0.23614077572710812,0.7391566947102547,20.813669204711914,23.688169507309794,False
nuis8,mid,importance,16,15.0625,1.0,-1.0,0.6599999999999999,0.4765998368180906,-0.09014780196474399,0.20895290442276745,0.7375285103917122,13.336262702941895,16.50128789320588,False
nuis8,mid,importance,32,28.395,1.0,-1.0,0.6799999999999999,0.566487025163753,0.008419206890769162,0.2007282314589247,0.7009678110480309,9.75792121887207,12.312557357456535,False
nuis8,mid,importance,64,50.2975,1.0,-1.0,0.66125,0.6774366035363704,0.1188718306122566,0.20370192975387907,0.6978705048561096,6.463649749755859,8.553419779147953,False
nuis8,mid,kcenter,8,8.0,1.0,1.0,1.0,1.0,0.9999999999999998,0.0,0.0,5.960464477539063e-08,3.669184422960825e-08,True
nuis8,mid,kcenter,16,16.0,1.0,1.0,1.0,1.0,0.9999999999999998,0.0,0.0,5.960464477539063e-08,3.669184422960825e-08,True
nuis8,mid,kcenter,32,32.0,1.0,1.0,1.0,1.0,0.9999999999999998,0.0,0.0,5.960464477539063e-08,3.669184422960825e-08,True
nuis8,mid,kcenter,64,64.0,1.0,1.0,1.0,1.0,0.9999999999999998,0.0,0.0,5.960464477539063e-08,3.669184422960825e-08,True
nuis8,mid,kcenter_mean2,8,7.97875,1.0,1.0,1.0,1.0,0.9999999999999998,0.0,0.0,5.960464477539063e-08,3.669184422960825e-08,True
nuis8,mid,kcenter_mean2,16,15.865,1.0,1.0,1.0,1.0,0.9999999999999998,0.0,0.0,5.960464477539063e-08,3.669184422960825e-08,True
nuis8,mid,kcenter_mean2,32,30.94875,1.0,1.0,1.0,1.0,0.9999999999999998,0.0,0.0,5.960464477539063e-08,3.669184422960825e-08,True
nuis8,mid,kcenter_mean2,64,57.723749999999995,1.0,1.0,1.0,1.0,0.9999999999999998,0.0,0.0,5.960464477539063e-08,3.669184422960825e-08,True
nuis8,late,uniform,8,8.0,1.0,-1.0,0.6633333333333333,0.4542080932723973,-0.2164460208513743,0.2622247202321887,0.7493813991546631,15.590093612670898,13.448616246630747,False
nuis8,late,uniform,16,16.0,1.0,-1.0,0.675,0.5266643284122905,-0.18867673918499936,0.27395211063946284,0.7384637236595154,9.760565757751465,9.826545917491119,False
nuis8,late,uniform,32,32.0,1.0,-1.0,0.6549999999999999,0.6291617867844043,-0.05598546088797971,0.247006488746653,0.7028532346089681,6.563841342926025,6.672250616550445,False
nuis8,late,uniform,64,64.0,1.0,-1.0,0.7200000000000001,0.8062252985114758,0.2176160206418202,0.21642640673089772,0.6887142062187195,3.165086507797241,3.9457386253401636,False
nuis8,late,importance,8,7.788333333333333,1.0,-1.0,0.6433333333333333,0.4269571606546251,-0.2295399663496824,0.2736456544448932,0.7367874721686045,11.20043659210205,14.754561671242119,False
nuis8,late,importance,16,15.078333333333335,1.0,-1.0,0.6716666666666666,0.543048218549549,-0.1842167215231314,0.2675768700117866,0.7364040493965149,9.029122352600098,10.803046485160788,False
nuis8,late,importance,32,28.345000000000002,1.0,-1.0,0.6683333333333333,0.6146437596978046,-0.05910713872794871,0.25023451424203813,0.698216833670934,6.810217380523682,7.687970130518079,False
nuis8,late,importance,64,50.33833333333334,1.0,-1.0,0.6816666666666666,0.6952089385033631,0.016727067114249306,0.2336043534334749,0.6952559888362885,4.686721324920654,5.689617564032475,False
nuis8,late,kcenter,8,8.0,1.0,1.0,1.0,1.0,0.9999999999999998,0.0,0.0,5.960464477539063e-08,3.2614972648540665e-08,True
nuis8,late,kcenter,16,16.0,1.0,1.0,1.0,1.0,0.9999999999999998,0.0,0.0,5.960464477539063e-08,3.2614972648540665e-08,True
nuis8,late,kcenter,32,32.0,1.0,1.0,1.0,1.0,0.9999999999999998,0.0,0.0,5.960464477539063e-08,3.2614972648540665e-08,True
nuis8,late,kcenter,64,64.0,1.0,1.0,1.0,1.0,0.9999999999999998,0.0,0.0,5.960464477539063e-08,3.2614972648540665e-08,True
nuis8,late,kcenter_mean2,8,7.961666666666667,1.0,1.0,1.0,1.0,0.9999999999999998,0.0,0.0,5.960464477539063e-08,3.2614972648540665e-08,True
nuis8,late,kcenter_mean2,16,15.851666666666667,1.0,1.0,1.0,1.0,0.9999999999999998,0.0,0.0,5.960464477539063e-08,3.2614972648540665e-08,True
nuis8,late,kcenter_mean2,32,31.195,1.0,1.0,1.0,1.0,0.9999999999999998,0.0,0.0,5.960464477539063e-08,3.2614972648540665e-08,True
nuis8,late,kcenter_mean2,64,57.765,1.0,1.0,1.0,1.0,0.9999999999999998,0.0,0.0,5.960464477539063e-08,3.2614972648540665e-08,True
nuis8,all,uniform,8,8.0,1.0,-1.0,0.6513636363636364,0.48602234467225425,-0.2570150236218161,0.3051311792975122,0.7708197263154116,8.189044952392578,15.792240052467042,False
nuis8,all,uniform,16,16.0,1.0,-1.0,0.6754545454545454,0.5890388996592748,-0.16073387483761795,0.28128491264175287,0.7498641539703715,5.5372514724731445,9.874306365204129,False
nuis8,all,uniform,32,32.0,1.0,-1.0,0.6768181818181819,0.709290824641106,-0.03832400780269934,0.25337518538687037,0.7120706113902006,2.990314483642578,6.856226589039645,False
nuis8,all,uniform,64,64.0,1.0,-1.0,0.7240909090909091,0.8582494545303224,0.22472593033000646,0.21137891890089536,0.6685270054773851,1.8917567729949951,3.864658757307651,False
nuis8,all,importance,8,7.775454545454545,1.0,-1.0,0.6427272727272727,0.47628143119679756,-0.28843278518900006,0.3041517371057787,0.7577004942027006,9.066363334655762,15.537043270096182,False
nuis8,all,importance,16,15.04590909090909,1.0,-1.0,0.67,0.5844153219113878,-0.15477806330186153,0.2782610369168899,0.7507003155621615,6.445074558258057,10.732337962192569,False
nuis8,all,importance,32,28.352272727272727,1.0,-1.0,0.6950000000000001,0.6778740558182105,-0.048379907346635574,0.2548195889304307,0.7025866649367593,3.8554482460021973,7.9372186375104565,False
nuis8,all,importance,64,50.11409090909091,1.0,-1.0,0.7063636363636364,0.7811110268934078,0.09074501373530523,0.23764986949761144,0.6880119372497905,2.829237461090088,5.634995544938879,False
nuis8,all,kcenter,8,8.0,1.0,1.0,1.0,1.0,0.9999999999999998,0.0,0.0,1.1920928955078125e-07,4.002746643229991e-08,True
nuis8,all,kcenter,16,16.0,1.0,1.0,1.0,1.0,0.9999999999999998,0.0,0.0,1.1920928955078125e-07,4.002746643229991e-08,True
nuis8,all,kcenter,32,32.0,1.0,1.0,1.0,1.0,0.9999999999999998,0.0,0.0,1.1920928955078125e-07,4.002746643229991e-08,True
nuis8,all,kcenter,64,64.0,1.0,1.0,1.0,1.0,0.9999999999999998,0.0,0.0,1.1920928955078125e-07,4.002746643229991e-08,True
nuis8,all,kcenter_mean2,8,7.954999999999999,1.0,1.0,1.0,1.0,0.9999999999999998,0.0,0.0,1.1920928955078125e-07,4.002746643229991e-08,True
nuis8,all,kcenter_mean2,16,15.855,1.0,1.0,1.0,1.0,0.9999999999999998,0.0,0.0,1.1920928955078125e-07,4.002746643229991e-08,True
nuis8,all,kcenter_mean2,32,31.081363636363633,1.0,1.0,1.0,1.0,0.9999999999999998,0.0,0.0,1.1920928955078125e-07,4.002746643229991e-08,True
nuis8,all,kcenter_mean2,64,57.818636363636365,1.0,1.0,1.0,1.0,0.9999999999999998,0.0,0.0,1.1920928955078125e-07,4.002746643229991e-08,True
