commit,candidate,task,target,seed,config,hardware,dtype,wall_s,wall_all,wall_per_restart_s,restarts_per_s,peak_mem_mb,score_calls,cond_calls,cond_samples,end2end_max_abs,step_grad_max_abs,status
6af2081,sys:reference(_guided.run),synthetic_2D,S_G250_seed987654,0,spatial=no_lgd;temporal=none;n=8;B=1;,arm64-cpu-4thr,float32,0.2034,0.2067|0.2124|0.2034|0.1998|0.2028,0.2034,4.917,322.0,99,99,792,0.000e+00,0.000e+00,ok
6af2081,sys:generator_seed,synthetic_2D,S_G250_seed987654,0,spatial=no_lgd;temporal=none;n=8;B=1;,arm64-cpu-4thr,float32,0.2422,0.2207|0.2249|0.2422|0.2430|0.2486,0.2422,4.129,333.3,99,99,792,0.000e+00,0.000e+00,ok
6af2081,sys:frozen_params,synthetic_2D,S_G250_seed987654,0,spatial=no_lgd;temporal=none;n=8;B=1;,arm64-cpu-4thr,float32,0.2608,0.2653|0.2717|0.2589|0.2570|0.2608,0.2608,3.834,333.4,99,99,792,0.000e+00,0.000e+00,ok
6af2081,sys:batched_mmd(+batched_lgd),synthetic_2D,S_G250_seed987654,0,spatial=no_lgd;temporal=none;n=8;B=1;,arm64-cpu-4thr,float32,0.1349,0.1349|0.1319|0.1346|0.1484|0.1434,0.1349,7.412,333.6,99,99,792,1.335e-05,1.311e-06,ok
6af2081,sys:batched_restarts,synthetic_2D,S_G250_seed987654,0,spatial=no_lgd;temporal=none;n=8;B=1;batched_lgd=1;batched_mmd=1,arm64-cpu-4thr,float32,0.1618,0.1863|0.1705|0.1543|0.1618|0.1484,0.1618,6.179,334.5,99,99,792,1.335e-05,1.311e-06,ok
6af2081,sys:batched_restarts,synthetic_2D,S_G250_seed987654,0;1,spatial=no_lgd;temporal=none;n=8;B=2;batched_lgd=1;batched_mmd=1,arm64-cpu-4thr,float32,0.1784,0.2034|0.1809|0.1719|0.1784|0.1748,0.0892,11.212,335.3,198,198,1584,3.809e-02,1.587e-04,ok
6af2081,sys:batched_restarts,synthetic_2D,S_G250_seed987654,0;1;2;3,spatial=no_lgd;temporal=none;n=8;B=4;batched_lgd=1;batched_mmd=1,arm64-cpu-4thr,float32,0.1916,0.1916|0.1938|0.1900|0.1954|0.1852,0.0479,20.881,337.3,396,396,3168,3.043e+00,2.151e-04,ok
6af2081,sys:batched_restarts,synthetic_2D,S_G250_seed987654,0;1;2;3,spatial=no_lgd;temporal=none;n=8;B=8;batched_lgd=1;batched_mmd=1,arm64-cpu-4thr,float32,0.2170,0.2170|0.2151|0.2138|0.2236|0.2279,0.0271,36.858,338.8,792,792,6336,3.043e+00,2.151e-04,ok
6af2081,sys:batched_restarts+lean_ddim,synthetic_2D,S_G250_seed987654,0;1;2;3,spatial=no_lgd;temporal=none;n=8;B=8;batched_lgd=1;batched_mmd=1;lean_ddim=1,arm64-cpu-4thr,float32,0.2135,0.2154|0.2107|0.2073|0.2135|0.2216,0.0267,37.477,338.8,792,792,6336,3.043e+00,,ok
6af2081,sys:batched_restarts,synthetic_2D,S_G250_seed987654,0;1;2;3,spatial=no_lgd;temporal=none;n=8;B=16;batched_lgd=1;batched_mmd=1,arm64-cpu-4thr,float32,0.2827,0.2831|0.2756|0.2827|0.2885|0.2826,0.0177,56.605,338.8,1584,1584,12672,3.043e+00,2.151e-04,ok
6af2081,sys:batched_restarts,synthetic_2D,S_G250_seed987654,0;1;2;3,spatial=no_lgd;temporal=none;n=8;B=32;batched_lgd=1;batched_mmd=1,arm64-cpu-4thr,float32,0.4528,0.4528|0.4406|0.4304|0.4896|0.4718,0.0141,70.674,338.8,3168,3168,25344,5.183e-01,2.217e-04,ok
6af2081,sys:float64_throughout,synthetic_2D,S_G250_seed987654,0,spatial=no_lgd;temporal=none;n=8;B=1;,arm64-cpu-4thr,float64,0.4249,0.4249|0.3848|0.4164|0.4425|0.4395,0.4249,2.354,355.8,99,99,792,3.807e-02,,changes_numerics(float64)
6af2081,sys:reference(_guided.run),synthetic_2D,S_G250_seed987654,0,spatial=no_lgd;temporal=none;n=32;B=1;,arm64-cpu-4thr,float32,0.2958,0.3233|0.3195|0.2944|0.2938|0.2958,0.2958,3.380,355.9,99,99,3168,0.000e+00,0.000e+00,ok
6af2081,sys:generator_seed,synthetic_2D,S_G250_seed987654,0,spatial=no_lgd;temporal=none;n=32;B=1;,arm64-cpu-4thr,float32,0.2966,0.3404|0.2964|0.3144|0.2966|0.2903,0.2966,3.371,361.9,99,99,3168,0.000e+00,0.000e+00,ok
6af2081,sys:frozen_params,synthetic_2D,S_G250_seed987654,0,spatial=no_lgd;temporal=none;n=32;B=1;,arm64-cpu-4thr,float32,0.2867,0.3082|0.3200|0.2867|0.2806|0.2859,0.2867,3.488,361.9,99,99,3168,0.000e+00,0.000e+00,ok
6af2081,sys:batched_mmd(+batched_lgd),synthetic_2D,S_G250_seed987654,0,spatial=no_lgd;temporal=none;n=32;B=1;,arm64-cpu-4thr,float32,0.1549,0.1562|0.1453|0.1538|0.1549|0.1550,0.1549,6.454,361.9,99,99,3168,3.648e-03,5.960e-07,ok
6af2081,sys:batched_restarts,synthetic_2D,S_G250_seed987654,0,spatial=no_lgd;temporal=none;n=32;B=1;batched_lgd=1;batched_mmd=1,arm64-cpu-4thr,float32,0.1816,0.1726|0.1816|0.1760|0.1863|0.2131,0.1816,5.508,362.0,99,99,3168,3.648e-03,5.960e-07,ok
6af2081,sys:batched_restarts,synthetic_2D,S_G250_seed987654,0;1,spatial=no_lgd;temporal=none;n=32;B=2;batched_lgd=1;batched_mmd=1,arm64-cpu-4thr,float32,0.2926,0.3370|0.2900|0.3192|0.2756|0.2926,0.1463,6.835,363.8,198,198,6336,3.767e-03,1.347e-05,ok
6af2081,sys:batched_restarts,synthetic_2D,S_G250_seed987654,0;1;2;3,spatial=no_lgd;temporal=none;n=32;B=4;batched_lgd=1;batched_mmd=1,arm64-cpu-4thr,float32,0.2323,0.2393|0.2337|0.2323|0.2077|0.1982,0.0581,17.221,363.8,396,396,12672,1.447e-02,4.798e-05,ok
6af2081,sys:batched_restarts,synthetic_2D,S_G250_seed987654,0;1;2;3,spatial=no_lgd;temporal=none;n=32;B=8;batched_lgd=1;batched_mmd=1,arm64-cpu-4thr,float32,0.3125,0.3057|0.3112|0.3139|0.3125|0.3194,0.0391,25.603,363.8,792,792,25344,1.447e-02,4.798e-05,ok
6af2081,sys:batched_restarts+lean_ddim,synthetic_2D,S_G250_seed987654,0;1;2;3,spatial=no_lgd;temporal=none;n=32;B=8;batched_lgd=1;batched_mmd=1;lean_ddim=1,arm64-cpu-4thr,float32,0.3089,0.3093|0.3045|0.3089|0.3102|0.3030,0.0386,25.900,363.8,792,792,25344,1.447e-02,,ok
6af2081,sys:batched_restarts,synthetic_2D,S_G250_seed987654,0;1;2;3,spatial=no_lgd;temporal=none;n=32;B=16;batched_lgd=1;batched_mmd=1,arm64-cpu-4thr,float32,0.6066,0.5788|0.6052|0.6195|0.6204|0.6066,0.0379,26.375,369.8,1584,1584,50688,1.447e-02,4.798e-05,ok
6af2081,sys:batched_restarts,synthetic_2D,S_G250_seed987654,0;1;2;3,spatial=no_lgd;temporal=none;n=32;B=32;batched_lgd=1;batched_mmd=1,arm64-cpu-4thr,float32,1.0982,0.9842|1.0092|1.2346|1.3412|1.0982,0.0343,29.138,444.0,3168,3168,101376,1.439e-02,1.828e-04,ok
6af2081,sys:float64_throughout,synthetic_2D,S_G250_seed987654,0,spatial=no_lgd;temporal=none;n=32;B=1;,arm64-cpu-4thr,float64,0.3827,0.3659|0.3704|0.3931|0.4004|0.3827,0.3827,2.613,444.2,99,99,3168,2.183e-01,,changes_numerics(float64)
6af2081,sys:reference(_guided.run),synthetic_2D,S_G250_seed987654,0,spatial=lgd;temporal=none;n=8;B=1;,arm64-cpu-4thr,float32,0.7406,0.5755|0.6062|0.7406|0.8525|0.8082,0.7406,1.350,445.4,99,297,2376,0.000e+00,0.000e+00,ok
6af2081,sys:generator_seed,synthetic_2D,S_G250_seed987654,0,spatial=lgd;temporal=none;n=8;B=1;,arm64-cpu-4thr,float32,0.6860,0.6860|0.6842|0.6668|0.7121|0.8548,0.6860,1.458,445.8,99,297,2376,0.000e+00,0.000e+00,ok
6af2081,sys:frozen_params,synthetic_2D,S_G250_seed987654,0,spatial=lgd;temporal=none;n=8;B=1;,arm64-cpu-4thr,float32,0.9145,0.9883|0.9145|0.7717|0.9343|0.7704,0.9145,1.094,447.1,99,297,2376,0.000e+00,0.000e+00,ok
6af2081,sys:batched_lgd,synthetic_2D,S_G250_seed987654,0,spatial=lgd;temporal=none;n=8;B=1;,arm64-cpu-4thr,float32,0.5364,0.5417|0.5573|0.5315|0.5364|0.5269,0.5364,1.864,447.2,99,297,2376,0.000e+00,0.000e+00,ok
6af2081,sys:batched_mmd(+batched_lgd),synthetic_2D,S_G250_seed987654,0,spatial=lgd;temporal=none;n=8;B=1;,arm64-cpu-4thr,float32,0.1655,0.1661|0.1655|0.1655|0.1637|0.1741,0.1655,6.041,447.2,99,297,2376,1.193e-01,1.013e-06,ok
6af2081,sys:batched_restarts,synthetic_2D,S_G250_seed987654,0,spatial=lgd;temporal=none;n=8;B=1;batched_lgd=1;batched_mmd=1,arm64-cpu-4thr,float32,0.1606,0.1606|0.1607|0.1638|0.1564|0.1412,0.1606,6.225,447.6,99,297,2376,4.864e-02,1.013e-06,ok
6af2081,sys:batched_restarts,synthetic_2D,S_G250_seed987654,0;1,spatial=lgd;temporal=none;n=8;B=2;batched_lgd=1;batched_mmd=1,arm64-cpu-4thr,float32,0.1737,0.1656|0.1737|0.1689|0.1748|0.1785,0.0869,11.514,447.6,198,594,4752,1.200e-01,9.429e-05,ok
6af2081,sys:batched_restarts,synthetic_2D,S_G250_seed987654,0;1;2;3,spatial=lgd;temporal=none;n=8;B=4;batched_lgd=1;batched_mmd=1,arm64-cpu-4thr,float32,0.2174,0.2453|0.2207|0.2154|0.2148|0.2174,0.0544,18.395,447.6,396,1188,9504,1.276e-01,9.429e-05,ok
6af2081,sys:batched_restarts,synthetic_2D,S_G250_seed987654,0;1;2;3,spatial=lgd;temporal=none;n=8;B=8;batched_lgd=1;batched_mmd=1,arm64-cpu-4thr,float32,0.3079,0.3125|0.3047|0.3045|0.3079|0.3082,0.0385,25.982,447.6,792,2376,19008,1.276e-01,9.429e-05,ok
6af2081,sys:batched_restarts+lean_ddim,synthetic_2D,S_G250_seed987654,0;1;2;3,spatial=lgd;temporal=none;n=8;B=8;batched_lgd=1;batched_mmd=1;lean_ddim=1,arm64-cpu-4thr,float32,0.2962,0.2914|0.2962|0.3014|0.2988|0.2960,0.0370,27.010,447.6,792,2376,19008,1.276e-01,,ok
6af2081,sys:batched_restarts,synthetic_2D,S_G250_seed987654,0;1;2;3,spatial=lgd;temporal=none;n=8;B=16;batched_lgd=1;batched_mmd=1,arm64-cpu-4thr,float32,0.6668,0.5603|0.5983|0.6774|1.0536|0.6668,0.0417,23.996,447.6,1584,4752,38016,1.276e-01,9.429e-05,ok
6af2081,sys:batched_restarts,synthetic_2D,S_G250_seed987654,0;1;2;3,spatial=lgd;temporal=none;n=8;B=32;batched_lgd=1;batched_mmd=1,arm64-cpu-4thr,float32,0.9529,0.9529|1.1654|1.4455|0.9413|0.8689,0.0298,33.582,462.4,3168,9504,76032,2.824e-01,4.244e-05,ok
6af2081,sys:float64_throughout,synthetic_2D,S_G250_seed987654,0,spatial=lgd;temporal=none;n=8;B=1;,arm64-cpu-4thr,float64,0.8317,0.8437|0.8314|0.8197|0.8317|0.8350,0.8317,1.202,462.4,99,297,2376,1.199e-01,,changes_numerics(float64)
6af2081,sys:reference(_guided.run),synthetic_2D,S_G250_seed987654,0,spatial=no_lgd;temporal=adam;n=8;B=1;,arm64-cpu-4thr,float32,0.1895,0.1895|0.1868|0.1864|0.1974|0.1942,0.1895,5.278,462.4,99,99,792,0.000e+00,0.000e+00,ok
6af2081,sys:generator_seed,synthetic_2D,S_G250_seed987654,0,spatial=no_lgd;temporal=adam;n=8;B=1;,arm64-cpu-4thr,float32,0.1826,0.1809|0.1826|0.1929|0.1864|0.1824,0.1826,5.477,462.4,99,99,792,0.000e+00,0.000e+00,ok
6af2081,sys:frozen_params,synthetic_2D,S_G250_seed987654,0,spatial=no_lgd;temporal=adam;n=8;B=1;,arm64-cpu-4thr,float32,0.2014,0.2709|0.2136|0.1975|0.1929|0.2014,0.2014,4.964,462.4,99,99,792,0.000e+00,0.000e+00,ok
6af2081,sys:batched_mmd(+batched_lgd),synthetic_2D,S_G250_seed987654,0,spatial=no_lgd;temporal=adam;n=8;B=1;,arm64-cpu-4thr,float32,0.1078,0.1083|0.1076|0.1078|0.1078|0.1092,0.1078,9.278,462.4,99,99,792,7.153e-06,1.192e-06,ok
6af2081,sys:batched_restarts,synthetic_2D,S_G250_seed987654,0,spatial=no_lgd;temporal=adam;n=8;B=1;batched_lgd=1;batched_mmd=1,arm64-cpu-4thr,float32,0.1119,0.1137|0.1119|0.1123|0.1118|0.1116,0.1119,8.936,462.6,99,99,792,7.153e-06,1.192e-06,ok
6af2081,sys:batched_restarts,synthetic_2D,S_G250_seed987654,0;1,spatial=no_lgd;temporal=adam;n=8;B=2;batched_lgd=1;batched_mmd=1,arm64-cpu-4thr,float32,0.1329,0.1342|0.1322|0.1328|0.1329|0.1334,0.0665,15.046,462.6,198,198,1584,1.120e+00,6.348e-06,ok
6af2081,sys:batched_restarts,synthetic_2D,S_G250_seed987654,0;1;2;3,spatial=no_lgd;temporal=adam;n=8;B=4;batched_lgd=1;batched_mmd=1,arm64-cpu-4thr,float32,0.1528,0.1528|0.1528|0.1528|0.1527|0.1546,0.0382,26.175,462.6,396,396,3168,1.675e+00,3.111e-05,ok
6af2081,sys:batched_restarts,synthetic_2D,S_G250_seed987654,0;1;2;3,spatial=no_lgd;temporal=adam;n=8;B=8;batched_lgd=1;batched_mmd=1,arm64-cpu-4thr,float32,0.1857,0.1822|0.1857|0.1882|0.1866|0.1841,0.0232,43.084,462.6,792,792,6336,1.675e+00,3.111e-05,ok
6af2081,sys:batched_restarts+lean_ddim,synthetic_2D,S_G250_seed987654,0;1;2;3,spatial=no_lgd;temporal=adam;n=8;B=8;batched_lgd=1;batched_mmd=1;lean_ddim=1,arm64-cpu-4thr,float32,0.1767,0.1775|0.1818|0.1766|0.1764|0.1767,0.0221,45.282,462.6,792,792,6336,1.675e+00,,ok
6af2081,sys:batched_restarts,synthetic_2D,S_G250_seed987654,0;1;2;3,spatial=no_lgd;temporal=adam;n=8;B=16;batched_lgd=1;batched_mmd=1,arm64-cpu-4thr,float32,0.2267,0.2260|0.2248|0.2336|0.2358|0.2267,0.0142,70.592,462.6,1584,1584,12672,1.675e+00,3.111e-05,ok
6af2081,sys:batched_restarts,synthetic_2D,S_G250_seed987654,0;1;2;3,spatial=no_lgd;temporal=adam;n=8;B=32;batched_lgd=1;batched_mmd=1,arm64-cpu-4thr,float32,0.3522,0.3483|0.3545|0.3522|0.3520|0.3605,0.0110,90.860,462.6,3168,3168,25344,2.175e+00,3.111e-05,ok
6af2081,sys:float64_throughout,synthetic_2D,S_G250_seed987654,0,spatial=no_lgd;temporal=adam;n=8;B=1;,arm64-cpu-4thr,float64,0.2969,0.2969|0.3053|0.3075|0.2954|0.2927,0.2969,3.368,462.6,99,99,792,1.124e+00,,changes_numerics(float64)
6af2081,sys:torch.compile[default],synthetic_2D,S_G250_seed987654,0,spatial=no_lgd;temporal=none;n=8;B=1;first_call_incl_compile_s=15.99,arm64-cpu-4thr,float32,0.2432,0.2667|0.2319|0.2366|0.2507|0.2432,0.2432,4.111,626.7,99,99,792,1.097e-05,,ok
6af2081,sys:batched_restarts[mps],synthetic_2D,S_G250_seed987654,0,spatial=no_lgd;temporal=none;n=8;B=1;,arm64-cpu-4thr,float32,1.0065,0.9914|1.0137|1.0032|1.0180|1.0065,1.0065,0.994,702.2,99,99,792,4.768e-07,,"ok(mps,float32)"
6af2081,sys:batched_restarts[mps],synthetic_2D,S_G250_seed987654,0;1;2;3,spatial=no_lgd;temporal=none;n=8;B=8;,arm64-cpu-4thr,float32,1.2810,1.2810|1.2218|1.2780|1.3889|1.4446,0.1601,6.245,733.1,792,792,6336,1.090e+01,,"ok(mps,float32)"
6af2081,sys:batched_restarts[mps],synthetic_2D,S_G250_seed987654,0;1;2;3,spatial=no_lgd;temporal=none;n=8;B=32;,arm64-cpu-4thr,float32,1.3098,1.5071|1.3098|1.3221|1.2374|1.2799,0.0409,24.431,760.3,3168,3168,25344,5.801e+00,,"ok(mps,float32)"
