setting,d,m,n,candidate,D,feat_seeds,x_draws,loss_rel_err,grad_cos,grad_norm_rel_err,seed_loss_cv,seed_grad_cos,wall_ms,wall_ratio_vs_ref,cost_model,cost_ratio_vs_cachedYY,peak_mem_mb,rss_mb
synth_d1,1,250,4,reference,,1,4,0.0,1.0,0.0,0.0,1.0,1.9013748969882727,1.0203706966242716,387096,63.5,3.096768,327.265625
synth_d1,1,250,4,exact_cachedYY,,1,4,2.273442110420858e-15,1.0,9.50612431088713e-16,0.0,1.0,0.17312495037913322,0.09290730960065273,6096,1.0,0.048,327.390625
synth_d1,1,250,4,rff,16,6,4,0.2894926098545435,0.8945915230232541,0.40342370537556044,0.3279444532985693,0.8190175683777801,0.05375011824071407,0.028844940405907057,560,0.09186351706036745,0.005152,327.71875
synth_d1,1,250,4,rff,64,6,4,0.11104006234200989,0.9651211732754619,0.17944881938685694,0.11077862377467307,0.9309256196855596,0.05933293141424656,0.03184095080660377,2240,0.3674540682414698,0.020512,327.71875
synth_d1,1,250,4,rff,256,6,4,0.06611128298784828,0.9752579318612711,0.08992418589887567,0.06978676945289466,0.9436727835340425,0.1343749463558197,0.07211216359231368,8960,1.4698162729658792,0.081952,328.0625
synth_d1,1,250,4,rff,1024,6,4,0.027117723593214182,0.9943469532405386,0.04171119918300299,0.03240574609086341,0.98756049123765,0.25254208594560623,0.1355264259412668,35840,5.879265091863517,0.327712,362.46875
synth_d1,1,250,4,nystrom,16,6,4,0.0019263688771495597,0.9999763087074015,0.005584137243324701,0.0010438986352017678,0.999987188905632,0.17004203982651234,0.09125286912539937,5504,0.9028871391076115,0.004608,362.859375
synth_d1,1,250,4,nystrom,64,6,4,0.0005466053682880014,0.9999976802808156,0.0016117765656722862,0.00019119810181137875,0.9999992827600391,0.18554087728261948,0.09957030278722179,83456,13.69028871391076,0.043008,363.046875
synth_d1,1,250,4,subsample,16,6,4,0.4605129942257335,0.9109515896202853,0.28078283744448507,0.5894150202729787,0.8128623802273411,0.10716705583035946,0.05751107979073658,480,0.07874015748031496,0.00256,363.078125
synth_d1,1,250,4,subsample,64,6,4,0.1373995108293189,0.9707011973538279,0.08552418020695701,0.17413844990083482,0.9410096329901302,0.11925003491342068,0.06399539690453075,1632,0.2677165354330709,0.01024,363.078125
synth_d1,1,250,4,sliced_w2,1,1,4,29.269036914519845,0.642677631544623,64.76092072694627,0.0,1.0,0.052416929975152016,0.02812948642499166,12,0.001968503937007874,0.002032,363.40625
synth_d1,1,250,4,population_gmm,,1,4,0.0062964328775249835,0.9989959232259371,0.024979745614523034,0.0,1.0,0.5815830081701279,0.3121058661978606,136,0.02230971128608924,0.000992,363.75
synth_d1,1,250,4,tab_kme_1d,2048,1,4,7.049134362485128e-05,0.9998463559538888,0.009640669447158854,0.0,1.0,0.09395810775458813,0.050422512685376425,128,0.02099737532808399,0.017024,406.84375
synth_d1,1,250,8,reference,,1,4,0.0,0.9999999999999999,0.0,0.0,1.0,1.977166160941124,1.040453866673724,399384,32.25,3.195072,406.859375
synth_d1,1,250,8,exact_cachedYY,,1,4,8.710749660910674e-15,0.9999999999999999,5.001186890122968e-16,0.0,1.0,0.17874990589916706,0.09406444153981797,12384,1.0,0.096,406.875
synth_d1,1,250,8,rff,16,6,4,0.3762267170411436,0.9316248858168343,0.4018310524763121,0.43317271698681586,0.8859584436805139,0.06204191595315933,0.032648622368989175,1040,0.08397932816537468,0.010304,406.875
synth_d1,1,250,8,rff,64,6,4,0.14964827414535037,0.9777765070369783,0.1722612654718905,0.16753150829386435,0.9585371374985918,0.0715409405529499,0.03764734077198698,4160,0.3359173126614987,0.041024,406.875
synth_d1,1,250,8,rff,256,6,4,0.10526800689569536,0.9890530841023698,0.10989989677796354,0.11209939771042392,0.9745113669166312,0.1724578905850649,0.09075336339572726,16640,1.3436692506459949,0.163904,406.890625
synth_d1,1,250,8,rff,1024,6,4,0.03528114075275531,0.9977042106663819,0.03980184085200348,0.04104308991034337,0.9949343587484862,0.3663329407572746,0.19277718394666205,66560,5.374677002583979,0.655424,416.859375
synth_d1,1,250,8,nystrom,16,6,4,0.0022096789721884934,0.9999555273568393,0.0068988709422467724,0.0012711443514279704,0.9999787589081718,0.1727091148495674,0.09088556637520749,11008,0.8888888888888888,0.007168,416.875
synth_d1,1,250,8,nystrom,64,6,4,0.0006197837089098584,0.9999956301545847,0.002036566577937174,0.0002064996715464735,0.9999988490978183,0.2035840880125761,0.10713305525373905,166912,13.478036175710594,0.053248,417.046875
synth_d1,1,250,8,subsample,16,6,4,0.6541408616400876,0.8712885267517511,0.3662207555469449,0.8137054172758967,0.7403270342452781,0.09787501767277718,0.05150525160714224,1152,0.09302325581395349,0.00512,417.046875
synth_d1,1,250,8,subsample,64,6,4,0.26036337430577033,0.9684721159212157,0.12719490901403618,0.3286629943844238,0.9360489000337958,0.1468330156058073,0.07726865948874327,3456,0.27906976744186046,0.02048,417.046875
synth_d1,1,250,8,sliced_w2,1,1,4,30.808091814374343,0.5239907172099617,43.999484914007574,0.0,1.0,0.04974985495209694,0.02618011069273381,32,0.002583979328165375,0.002064,417.046875
synth_d1,1,250,8,population_gmm,,1,4,0.023992060893432962,0.9971962617158329,0.019474680971919775,0.0,1.0,0.579749932512641,0.30508465646584065,464,0.037467700258397935,0.003264,417.078125
synth_d1,1,250,8,tab_kme_1d,2048,1,4,0.000736852263875181,0.999361142054322,0.01051630480198994,0.0,1.0,0.08629192598164082,0.04540982433544417,448,0.03617571059431524,0.018944,417.078125
synth_d1,1,250,32,reference,,1,4,0.0,1.0,0.0,0.0,1.0,2.263082889840007,0.9928157764262678,477144,8.8125,3.817152,421.28125
synth_d1,1,250,32,exact_cachedYY,,1,4,1.7737287610793944e-14,1.0000000000000002,4.1290863877728733e-16,0.0,1.0,0.5119580309838057,0.22459628514304403,54144,1.0,0.384,421.28125
synth_d1,1,250,32,rff,16,6,4,0.3160080013715109,0.9888208103789886,0.38679876240623856,0.354406166451708,0.9821050262782103,0.06770901381969452,0.029703983635884123,3920,0.07239952718676122,0.041216,421.28125
synth_d1,1,250,32,rff,64,6,4,0.11366203125135661,0.996756807388368,0.15578689661896072,0.12130662316344766,0.9939462387103805,0.19162497483193874,0.084065987606793,15680,0.2895981087470449,0.164096,421.28125
synth_d1,1,250,32,rff,256,6,4,0.07390977795999816,0.9990751643489787,0.10212014541253302,0.07983580399914648,0.9978542339135447,0.3771660849452019,0.16546298023268569,62720,1.1583924349881796,0.655616,421.453125
synth_d1,1,250,32,rff,1024,6,4,0.02943815147118956,0.9998440217009208,0.03606959878248482,0.03400703065668144,0.9996503520682337,1.1347499676048756,0.4978154689760232,250880,4.633569739952718,2.621696,427.625
synth_d1,1,250,32,nystrom,16,6,4,0.001297764284265676,0.9999834900985597,0.004426556919874061,0.0007587610626127326,0.9999874934434486,0.20366697572171688,0.08934882038184708,44032,0.8132387706855791,0.022528,427.640625
synth_d1,1,250,32,nystrom,64,6,4,0.0003173745687872566,0.9999989473488564,0.0011855631613695943,0.00014411364446290068,0.9999993317665719,0.23879087530076504,0.10475769550005198,667648,12.33096926713948,0.114688,427.703125
synth_d1,1,250,32,subsample,16,6,4,1.7758473960486887,0.8306485102359185,0.25991632015400234,33.68871945660287,0.6994201587655176,0.18879189155995846,0.0828231123321051,9216,0.1702127659574468,0.02048,427.703125
synth_d1,1,250,32,subsample,64,6,4,0.5846345987452874,0.9781324983276786,0.0785568660825123,0.6909854497929093,0.9501701460314687,0.22620800882577896,0.09923758467904953,18432,0.3404255319148936,0.08192,427.703125
synth_d1,1,250,32,sliced_w2,1,1,4,98.33295887472457,0.34214494805861073,30.33695186931291,0.0,1.0,0.053957803174853325,0.023671319549892843,192,0.0035460992907801418,0.002256,427.703125
synth_d1,1,250,32,population_gmm,,1,4,0.048226173784948256,0.9987955697434157,0.04821345534797335,0.0,1.0,0.6795411463826895,0.2981150950715828,6464,0.11938534278959811,0.043776,427.75
synth_d1,1,250,32,tab_kme_1d,2048,1,4,0.0015874951572005293,0.9992243965622976,0.0014838124817276581,0.0,1.0,0.15120813623070717,0.06633509706949867,6400,0.1182033096926714,0.057344,427.75
synth_d8,8,250,4,reference,,1,4,0.0,1.0,0.0,0.0,1.0,2.071416936814785,1.0765266327163534,838708,63.5,6.709664,427.796875
synth_d8,8,250,4,exact_cachedYY,,1,4,1.9003446897103074e-15,1.0000000000000002,3.4663324436369304e-16,0.0,1.0,0.15041721053421497,0.07817264128774669,13208,1.0,0.104,427.796875
synth_d8,8,250,4,rff,16,6,4,0.1943731660335028,0.4794688926365646,1.8066132167545297,0.20674943131931575,0.2688896793815154,0.06979098543524742,0.03627075419210056,1680,0.12719563900666264,0.005376,427.84375
synth_d8,8,250,4,rff,64,6,4,0.0936509404697828,0.693390929235254,0.536938335949485,0.09977244804137977,0.5234057049898302,0.07020914927124977,0.036488076208877916,6720,0.5087825560266506,0.020736,427.84375
synth_d8,8,250,4,rff,256,6,4,0.04762862014532058,0.8800001532623943,0.1675528306116179,0.0423135083002935,0.7701319572052853,0.16062497161328793,0.08347767016277613,26880,2.0351302241066023,0.082176,427.84375
synth_d8,8,250,4,rff,1024,6,4,0.022640248130092223,0.962298365553158,0.051354941916940296,0.029021126186446065,0.930311364530712,0.25333394296467304,0.13165902611179692,107520,8.140520896426409,0.327936,432.953125
synth_d8,8,250,4,nystrom,16,6,4,0.24977678995691383,0.88599857838614,0.2840513675041104,0.01357650398483407,0.9103190302177312,0.157209113240242,0.08170243001347735,5952,0.4506359781950333,0.004608,433.0
synth_d8,8,250,4,nystrom,64,6,4,0.1963861126267905,0.9313348746277037,0.24295494899744718,0.005073992644190847,0.9856585252414473,0.20275008864700794,0.10537032228274272,85248,6.454270139309509,0.043008,433.671875
synth_d8,8,250,4,subsample,16,6,4,0.3224220675481028,0.940183465506373,0.10540808836242858,0.4160828284733183,0.8732491645660118,0.09870785288512707,0.05129900726431512,1040,0.07874015748031496,0.00256,433.671875
synth_d8,8,250,4,subsample,64,6,4,0.0978604470921691,0.9911308374689672,0.02405700658068902,0.12914949071505244,0.9804844806023013,0.12091686949133873,0.06284115382018467,3536,0.2677165354330709,0.01024,433.671875
synth_d8,8,250,4,sliced_w2,32,6,4,6.514649086149424,0.6699093299681547,10.069849980293435,0.15464793244410394,0.7459790940954624,0.045584049075841904,0.023690277889033634,1280,0.09691096305269534,0.065024,433.71875
synth_d8,8,250,4,population_gmm,,1,4,0.002680031818148934,0.9977281369816506,0.005485315003143577,0.0,1.0,0.5773750599473715,0.300064954598333,2768,0.20956995760145367,0.023168,433.71875
synth_d8,8,250,8,reference,,1,4,0.0,0.9999999999999999,0.0,0.0,1.0,1.919624861329794,0.9247675217582765,865332,32.25,6.922656,434.40625
synth_d8,8,250,8,exact_cachedYY,,1,4,1.5075742309726472e-14,0.9999999999999998,3.7430008077934357e-16,0.0,1.0,0.18041697330772877,0.0869147720734033,26832,1.0,0.208,434.40625
synth_d8,8,250,8,rff,16,6,4,0.22325340724892792,0.5229831174511378,1.3885727268976795,0.2356419869496083,0.2913319684962062,0.07004104554653168,0.03374184478239929,3280,0.12224209898628503,0.010752,434.40625
synth_d8,8,250,8,rff,64,6,4,0.12179660330614928,0.7539295933270386,0.38226881885620845,0.13063423497262658,0.5720715369536277,0.08204090408980846,0.039522703152210466,13120,0.48896839594514013,0.041472,434.40625
synth_d8,8,250,8,rff,256,6,4,0.05682003420370326,0.894033109456232,0.13458493564208865,0.05075377406550368,0.7983940023729489,0.20287511870265007,0.09773384609068878,52480,1.9558735837805605,0.164352,434.40625
synth_d8,8,250,8,rff,1024,6,4,0.02849098760254468,0.9678362489354934,0.058053662407725415,0.03561814737976444,0.9397833381254409,0.3958330489695072,0.19069014738222087,209920,7.823494335122242,0.655872,439.296875
synth_d8,8,250,8,nystrom,16,6,4,0.3197966060130407,0.892471836021432,0.3192005995293156,0.04112078894870538,0.8953500768847857,0.16808300279080868,0.08097295730628758,11904,0.44364937388193204,0.007168,439.296875
synth_d8,8,250,8,nystrom,64,6,4,0.20533525668248173,0.9416918610186791,0.24720321043027,0.0057804671322381025,0.9903179932349476,0.21637510508298874,0.10423738185968685,170496,6.354203935599284,0.053248,439.515625
synth_d8,8,250,8,subsample,16,6,4,0.45918882910584846,0.8806898812459989,0.1405091886943593,0.5444416721240106,0.7684287570304383,0.1055421307682991,0.05084427519034917,2496,0.09302325581395349,0.00512,439.515625
synth_d8,8,250,8,subsample,64,6,4,0.17249818245241574,0.9805869915305233,0.042603835973737764,0.22344052415014506,0.9574623908035872,0.15441607683897018,0.07438899942100563,7488,0.27906976744186046,0.02048,439.515625
synth_d8,8,250,8,sliced_w2,32,6,4,6.362016289179692,0.7198630728023755,7.0421413398187225,0.11778808010645948,0.7356998321783086,0.05345791578292847,0.025753023568727485,2816,0.10494931425163984,0.066048,439.515625
synth_d8,8,250,8,population_gmm,,1,4,0.02829291165338405,0.9941010172604848,0.01376567297676225,0.0,1.0,0.5896659567952156,0.2840679637546383,5952,0.22182468694096602,0.047616,439.546875
synth_d8,8,250,32,reference,,1,4,0.0,0.9999999999999999,0.0,0.0,1.0,2.5447080843150616,1.0958924081132695,1033812,8.8125,8.270496,443.3125
synth_d8,8,250,32,exact_cachedYY,,1,4,5.2937828650508895e-14,1.0,6.375689818420357e-16,0.0,1.0,0.44066598638892174,0.18977520917781382,117312,1.0,0.832,443.328125
synth_d8,8,250,32,rff,16,6,4,0.2463884235707199,0.5239053056369712,1.4130049577409098,0.24744054834247256,0.31454774063338103,0.08929101750254631,0.03845366342681619,12880,0.10979268957992362,0.043008,443.328125
synth_d8,8,250,32,rff,64,6,4,0.12948025273917002,0.7408353614375717,0.3749188796777814,0.1373477156513333,0.5613470216197891,0.2143331803381443,0.09230375247641304,51520,0.4391707583196945,0.165888,443.328125
synth_d8,8,250,32,rff,256,6,4,0.05199603134661137,0.8970001990859864,0.1251908319563705,0.04331112597117175,0.8076073379512604,0.376666896045208,0.1622136520522117,206080,1.756683033278778,0.657408,443.328125
synth_d8,8,250,32,rff,1024,6,4,0.027561290409277017,0.9667139837825295,0.05314896939972996,0.02793856317159496,0.9384206976057361,1.1571249924600124,0.49832218567277115,824320,7.026732133115112,2.623488,445.921875
synth_d8,8,250,32,nystrom,16,6,4,0.2889443320475274,0.901114609330461,0.29383228373356884,0.02169170458813997,0.9348079598205724,0.20412495359778404,0.08790752398403144,47616,0.40589198036006546,0.022528,445.921875
synth_d8,8,250,32,nystrom,64,6,4,0.19560615364555972,0.9415978422309875,0.23371491326845772,0.004358563763338934,0.9923493188066201,0.2503329887986183,0.10780726623051984,681984,5.81342062193126,0.114688,446.1875
synth_d8,8,250,32,subsample,16,6,4,1.0716045693774188,0.8164743211918551,0.18388977940843532,2.4143929229198338,0.6642949109146894,0.18916605040431023,0.08146539078043384,19968,0.1702127659574468,0.02048,446.1875
synth_d8,8,250,32,subsample,64,6,4,0.3515662933694082,0.9645924685675517,0.04391918271308574,0.5121026983026123,0.9242376511640193,0.21895789541304111,0.09429541123346476,39936,0.3404255319148936,0.08192,446.1875
synth_d8,8,250,32,sliced_w2,32,6,4,15.337803167682763,0.553295300914718,7.299350689671024,0.16413191739129052,0.6472157987402192,0.06441585719585419,0.027741040042337916,13312,0.11347517730496454,0.072192,446.1875
synth_d8,8,250,32,population_gmm,,1,4,0.019322812944891563,0.9894665078618641,0.012622999741300028,0.0,1.0,0.6955419667065144,0.29953893947053944,33792,0.28805237315875615,0.221184,446.1875
synth_d16,16,250,4,reference,,1,4,0.0,1.0,0.0,0.0,1.0,2.0236249547451735,1.0176001182052057,1354836,63.5,10.838688,446.25
synth_d16,16,250,4,exact_cachedYY,,1,4,2.647663981829755e-16,1.0,4.926078395564996e-16,0.0,1.0,0.16312487423419952,0.08202898017920218,21336,1.0,0.168,446.25
synth_d16,16,250,4,rff,16,6,4,0.1470385312818351,0.35349225762785796,2.1341825090485362,0.20604916241032145,0.113829496486446,0.07012509740889072,0.03526310902873044,2960,0.13873265841769777,0.005632,446.25
synth_d16,16,250,4,rff,64,6,4,0.10524704108492472,0.5784710180164484,0.775431665339099,0.12846457556231428,0.32666728396729977,0.07512490265071392,0.03777731127413761,11840,0.5549306336707911,0.020992,446.265625
synth_d16,16,250,4,rff,256,6,4,0.04255027307096907,0.7998937135226976,0.25793867626799394,0.047237427679464046,0.6670440613474835,0.1652080100029707,0.08307650590750888,47360,2.2197225346831644,0.082432,446.28125
synth_d16,16,250,4,rff,1024,6,4,0.02124206578810701,0.926549559517463,0.092582878776124,0.02659268924574419,0.8576756143570189,0.2541658468544483,0.12780984697600853,189440,8.878890138732658,0.328192,451.171875
synth_d16,16,250,4,nystrom,16,6,4,0.2955314576081761,0.7782570641216001,0.30115532340366724,0.02578877261990244,0.8057542897061614,0.17033307813107967,0.08565369785246103,6464,0.3029621297337833,0.004608,451.1875
synth_d16,16,250,4,nystrom,64,6,4,0.22693519827548722,0.9487102738946556,0.25804631049218785,0.0032673976671161852,0.9934441939725682,0.20183296874165535,0.10149373398841059,87296,4.091488563929508,0.043008,451.234375
synth_d16,16,250,4,subsample,16,6,4,0.3149649349327927,0.9382573752743726,0.07632156087893607,0.4083219652606164,0.8715809016381378,0.09591714479029179,0.048232898911249975,1680,0.07874015748031496,0.00256,451.234375
synth_d16,16,250,4,subsample,64,6,4,0.09762202395040347,0.9902106062470953,0.016665920462020357,0.12822581489528942,0.9789905948473198,0.12429105117917061,0.06250100250799694,5712,0.2677165354330709,0.01024,451.25
synth_d16,16,250,4,sliced_w2,32,6,4,7.074008099395237,0.5937465891977247,12.63814931119085,0.17115826808099782,0.5645900968301879,0.053040916100144386,0.02667215699562081,2304,0.10798650168728909,0.065024,451.25
synth_d16,16,250,4,population_gmm,,1,4,0.000515273208816382,0.9983290160950804,0.00133046341848838,0.0,1.0,0.5716250743716955,0.28744740564980137,10576,0.4956880389951256,0.090752,451.25
synth_d16,16,250,8,reference,,1,4,0.0,1.0,0.0,0.0,1.0,2.14779214002192,0.9372182347511616,1397844,32.25,11.182752,451.25
synth_d16,16,250,8,exact_cachedYY,,1,4,8.07231315963334e-15,1.0,8.842828912113194e-17,0.0,1.0,0.22008409723639488,0.09603668123424267,43344,1.0,0.336,451.25
synth_d16,16,250,8,rff,16,6,4,0.19859845494415423,0.40011050742118764,1.9110992932014856,0.21752693770865164,0.1555272853441818,0.07220800034701824,0.03150894044125379,5840,0.13473606496862311,0.011264,451.25
synth_d16,16,250,8,rff,64,6,4,0.13497695186038391,0.6331968849894234,0.6839100117988743,0.15385060305717102,0.4112183246320601,0.0827498733997345,0.03610902974660749,23360,0.5389442598744925,0.041984,451.25
synth_d16,16,250,8,rff,256,6,4,0.06843850790127275,0.8229904301111268,0.2057382258030828,0.07326975004067149,0.7025519307069122,0.18404191359877586,0.08030918549758272,93440,2.15577703949797,0.164864,451.25
synth_d16,16,250,8,rff,1024,6,4,0.028964360213552805,0.9388570331083544,0.07376258952095363,0.033664829629326924,0.8801231098658382,0.40395790711045265,0.17627251239124483,373760,8.62310815799188,0.656384,451.5625
synth_d16,16,250,8,nystrom,16,6,4,0.42134236615175474,0.7591425912628842,0.38869482874432715,0.08127537780849124,0.7397840422517806,0.17079198732972145,0.07452740043697648,12928,0.298265042451089,0.007168,451.5625
synth_d16,16,250,8,nystrom,64,6,4,0.23698418979474062,0.9415185499868437,0.2734989101321557,0.0035668913907537523,0.994093597943337,0.21199998445808887,0.09250906896374803,174592,4.028054632705795,0.053248,451.578125
synth_d16,16,250,8,subsample,16,6,4,0.41466657022765646,0.8829550936267956,0.13189052270130466,0.44816062316074984,0.7787928489889441,0.09233388118445873,0.04029114154898561,4032,0.09302325581395349,0.00512,451.578125
synth_d16,16,250,8,subsample,64,6,4,0.1670177140113178,0.9782400185745382,0.02314841534012351,0.20995663569134262,0.9546316849980641,0.1587499864399433,0.06927271000092963,12096,0.27906976744186046,0.02048,451.578125
synth_d16,16,250,8,sliced_w2,32,6,4,6.694829645499483,0.6252910082138192,8.825179586211284,0.14711275056004397,0.5748327044822213,0.052999937906861305,0.02312724184123459,4864,0.11221853082318199,0.066048,451.578125
synth_d16,16,250,8,population_gmm,,1,4,0.00818068509669828,0.9957680938844335,0.005568824123061001,0.0,1.0,0.600416911765933,0.26200006400725007,21824,0.5035068290882244,0.182784,451.578125
synth_d16,16,250,32,reference,,1,4,0.0,0.9999999999999999,0.0,0.0,1.0,2.4194580037146807,1.0489551424627706,1670004,8.8125,13.360032,451.609375
synth_d16,16,250,32,exact_cachedYY,,1,4,2.8873891561725296e-14,0.9999999999999998,2.2134623789490944e-16,0.0,1.0,0.4124159459024668,0.17880278418713821,189504,1.0,1.344,451.640625
synth_d16,16,250,32,rff,16,6,4,0.2170669650107297,0.41427593813998104,2.109363541948158,0.21888150189976938,0.17073435369136963,0.08416688069701195,0.03649052068547193,23120,0.12200270178993583,0.045056,451.640625
synth_d16,16,250,32,rff,64,6,4,0.13183244567327615,0.6391993616328736,0.7537644613749234,0.1339527149885233,0.40728619896854673,0.18337508663535118,0.07950220248931057,92480,0.4880108071597433,0.167936,451.640625
synth_d16,16,250,32,rff,256,6,4,0.05697621612442175,0.8226458645735634,0.2523783960991642,0.06287003729036346,0.6981855072374443,0.4229999613016844,0.18339148023553786,369920,1.9520432286389733,0.659456,451.640625
synth_d16,16,250,32,rff,1024,6,4,0.026408875627287876,0.9352878368208223,0.07993224368746998,0.03130967369346689,0.8765325695775278,1.299374969676137,0.5633435481568801,1479680,7.808172914555893,2.625536,451.6875
synth_d16,16,250,32,nystrom,16,6,4,0.4124308470247189,0.7708039573391249,0.37460508799167624,0.04893434429314263,0.7494275627246566,0.20504184067249298,0.0888958158658774,51712,0.2728807835190814,0.022528,451.71875
synth_d16,16,250,32,nystrom,64,6,4,0.22328950624930635,0.9296742236552074,0.24597498784333818,0.005185729794619211,0.99601791124479,0.26129186153411865,0.11328299206643545,698368,3.685241472475515,0.114688,451.75
synth_d16,16,250,32,subsample,16,6,4,1.1021742430989263,0.8194339483020975,0.20278028694190164,1.757422343654043,0.682761927561408,0.19583292305469513,0.08490329296327932,32256,0.1702127659574468,0.02048,452.234375
synth_d16,16,250,32,subsample,64,6,4,0.3608856423861125,0.9625522342538482,0.03631364779707312,0.4564257200876489,0.923062391205245,0.22995797917246819,0.0996981987010976,64512,0.3404255319148936,0.08192,452.234375
synth_d16,16,250,32,sliced_w2,32,6,4,16.95422571144459,0.5291454898137727,10.336806196350464,0.17593931162316429,0.5039186008839623,0.06837490946054459,0.0296439172673991,21504,0.11347517730496454,0.072192,452.234375
synth_d16,16,250,32,population_gmm,,1,4,0.015417439163497764,0.9922639220272195,0.01141650315717677,0.0,1.0,0.8509161416441202,0.36891438545813976,103424,0.5457615670381628,0.761856,452.234375
clip_d768,768,120,8,reference,,1,4,0.0,1.0,0.0,0.0,1.0,1.3468749821186066,0.9280262686961763,12664832,16.0,101.318656,452.265625
clip_d768,768,120,8,exact_cachedYY,,1,4,2.662378602092376e-16,1.0,2.00323040152234e-16,0.0,1.0,0.5155410617589951,0.3552190472431938,791552,1.0,5.93664,452.265625
clip_d768,768,120,8,rff,16,6,4,0.27239852395776115,0.06287627140702448,15.688503804054957,0.3267168476283085,0.008426074351004405,0.08075009100139141,0.05563857569840795,246480,0.3113882600258732,0.059392,452.28125
clip_d768,768,120,8,rff,64,6,4,0.10851037207619982,0.11470553435481604,7.345127672552119,0.13223424731858086,0.019528236400050806,0.10912492871284485,0.07518945838300505,985920,1.2455530401034929,0.090112,452.28125
clip_d768,768,120,8,rff,256,6,4,0.06404396507849057,0.23013783985915684,3.3849186280785606,0.07041301935893045,0.05638329922337835,0.5442500114440918,0.37500014037222223,3943680,4.9822121604139715,0.212992,452.296875
clip_d768,768,120,8,rff,1024,6,4,0.03212578384962523,0.42871064973042444,1.3465762979281806,0.03422899011826225,0.1818919927654978,1.7051249742507935,1.174868334866198,15774720,19.928848641655886,0.704512,551.71875
clip_d768,768,120,8,orf,16,6,4,0.24775437529580532,0.047917741729319126,13.62979482497085,0.147890292037247,0.004990638939021407,0.0851659569889307,0.05868120377442457,246480,0.3113882600258732,0.059392,560.875
clip_d768,768,120,8,orf,64,6,4,0.08851487458668494,0.0946065395511854,5.912804896507265,0.09229535841456234,0.018738752205032475,0.10829092934727669,0.0746148146116093,985920,1.2455530401034929,0.090112,574.375
clip_d768,768,120,8,orf,256,6,4,0.05556207828420196,0.17572950422098202,2.371639880155775,0.04881523303880067,0.05320113851820594,0.6509169470518827,0.44849598784103833,3943680,4.9822121604139715,0.212992,601.375
clip_d768,768,120,8,orf,1024,6,4,0.025310244476160985,0.3521451502177318,0.9641179770631765,0.025672536551494037,0.22083476400061489,1.7324578948318958,1.1937013139000425,15774720,19.928848641655886,0.704512,618.0625
clip_d768,768,120,8,nystrom,16,6,4,0.8158021563913094,0.2267676235830758,0.7167093324328041,0.028419705682089447,0.947159809843943,0.2615409903228283,0.18020745249763895,109184,0.1379366106080207,0.007168,618.0625
clip_d768,768,120,8,nystrom,64,6,4,0.7737105095568431,0.25086672177493713,0.6817330283109894,0.012094415675213736,0.9629067125254018,0.41812495328485966,0.28809722164068013,559616,0.7069857697283312,0.053248,618.15625
clip_d768,768,120,8,subsample,16,6,4,0.10207906010439072,0.7210861874072299,0.2132459553993213,0.10472333619095142,0.9354596079740936,0.2630839589983225,0.1812705916023401,148416,0.1875,0.00512,618.15625
clip_d768,768,120,8,subsample,64,6,4,0.030706099359435086,0.7425059407337622,0.19502946001485466,0.04103048349471137,0.9897573308460704,0.4503750242292881,0.31031822462988656,445248,0.5625,0.02048,618.15625
clip_d768,768,120,8,sliced_w2,32,6,4,0.9993191891576924,0.11400774733465355,0.9963929284314557,0.23532643845479287,0.04613306513172081,0.059125013649463654,0.04073842526751336,197376,0.24935316946959896,0.032768,618.15625
clip_d768,768,120,32,reference,,1,4,0.0,1.0000000000000009,0.0,0.0,1.0,1.7249579541385174,0.821196620304311,17859392,4.75,142.875136,619.6875
clip_d768,768,120,32,exact_cachedYY,,1,4,1.0212294527361486e-15,1.000000000000001,3.450790173582011e-17,0.0,1.0,0.8211249951273203,0.39091101857187716,3759872,1.0,23.74656,619.6875
clip_d768,768,120,32,rff,16,6,4,0.17955642376802725,0.06566504232436883,14.879853155349942,0.21976289197804877,0.007618345672840489,0.10283314622938633,0.04895553073408412,985680,0.26215786069312996,0.237568,619.6875
clip_d768,768,120,32,rff,64,6,4,0.12388988316604822,0.12314975853368919,6.8059011052524685,0.13964398012575413,0.01998328282010726,0.2865409478545189,0.1364128658280497,3942720,1.0486314427725199,0.360448,619.6875
clip_d768,768,120,32,rff,256,6,4,0.07367143956798108,0.24628797099623376,3.097961520926203,0.0849272407935327,0.06224107718600213,0.6921661552041769,0.32951789113409036,15770880,4.194525771090079,0.851968,619.703125
clip_d768,768,120,32,rff,1024,6,4,0.039216260188004996,0.4560543053655796,1.2094525607392674,0.043520702815986696,0.20417205063258645,2.6952081825584173,1.2831013331214012,63083520,16.778103084360318,2.818048,622.703125
clip_d768,768,120,32,orf,16,6,4,0.26677742323906717,0.07124981835430232,16.71606380247754,0.20940843513501278,0.006278717357610357,0.10341685265302658,0.04923341445941972,985680,0.26215786069312996,0.237568,622.703125
clip_d768,768,120,32,orf,64,6,4,0.07599506695425164,0.13679670077103728,7.080586483508838,0.069893470642066,0.021650539504520533,0.25329203344881535,0.12058413442434009,3942720,1.0486314427725199,0.360448,627.203125
clip_d768,768,120,32,orf,256,6,4,0.06638025117768533,0.19478125382013248,2.301548600187306,0.054888446472191224,0.06282484362979328,0.6474168039858341,0.3082141741981802,15770880,4.194525771090079,0.851968,631.703125
clip_d768,768,120,32,orf,1024,6,4,0.025124007503257655,0.38714960726286746,0.9259623430229197,0.025548357486446634,0.2555772650456765,2.528624841943383,1.2037963993496168,63083520,16.778103084360318,2.818048,649.71875
clip_d768,768,120,32,nystrom,16,6,4,0.7647486491376689,0.194925925217354,0.7192679344555977,0.029537548408369838,0.9502993038651056,0.2852079924196005,0.13577828891239502,436736,0.11615714577517533,0.022528,649.71875
clip_d768,768,120,32,nystrom,64,6,4,0.7130771338128225,0.21960165837840254,0.6860041639558113,0.01066681432863843,0.9657461504935438,0.5550410132855177,0.2642370517767101,2238464,0.5953564376659631,0.114688,650.125
clip_d768,768,120,32,subsample,16,6,4,0.13112084799318002,0.7347435670742705,0.24857195002528779,0.13616764155429037,0.9312721680784438,0.654041999951005,0.3113682154444604,1187328,0.3157894736842105,0.02048,650.125
clip_d768,768,120,32,subsample,64,6,4,0.03934956562488682,0.7580994882685632,0.2336718424127688,0.052698086049983335,0.9891066772630301,0.8436660282313824,0.40164207445576855,2374656,0.631578947368421,0.08192,650.125
clip_d768,768,120,32,sliced_w2,32,6,4,0.9992482554656195,0.1176375375567475,0.9966895488657036,0.26449640771425736,0.049627055978451524,0.08199992589652538,0.03903750920413636,791552,0.21052631578947367,0.038912,650.125
