commit,candidate,task,target,seed,config,hardware,dtype,wall_s,peak_mem_mb,score_calls,cond_calls,cond_samples,opt_loss,eval_metric,status
6af2081,A4:baseline,synthetic_10D,S_G_250_seed987654,restarts_0..39,n=16;no_lgd/adam/rng=tape/restarts=40@0,arm64 cpu,float32,0.710,778,,1584,1584,0.2615,0.5700,diverged=0;success=0.00
6af2081,A4:clip0.1,synthetic_10D,S_G_250_seed987654,restarts_0..39,n=16;no_lgd/adam/rng=tape/restarts=40@0,arm64 cpu,float32,0.750,777,,1584,1584,0.2618,0.6758,diverged=0;success=0.00
6af2081,A4:clip0.5,synthetic_10D,S_G_250_seed987654,restarts_0..39,n=16;no_lgd/adam/rng=tape/restarts=40@0,arm64 cpu,float32,0.704,779,,1584,1584,0.2884,0.6445,diverged=0;success=0.00
6af2081,A4:relclip1,synthetic_10D,S_G_250_seed987654,restarts_0..39,n=16;no_lgd/adam/rng=tape/restarts=40@0,arm64 cpu,float32,0.860,797,,1584,1584,0.2754,0.6170,diverged=0;success=0.00
6af2081,A4:baseline,synthetic_10D,S_G_250_seed987654,restarts_0..39,n=16;no_lgd/none/rng=tape/restarts=40@0,arm64 cpu,float32,0.770,757,,1584,1584,0.3406,0.5240,diverged=0;success=0.00
6af2081,A4:clip0.1,synthetic_10D,S_G_250_seed987654,restarts_0..39,n=16;no_lgd/none/rng=tape/restarts=40@0,arm64 cpu,float32,0.705,784,,1584,1584,0.4167,0.4789,diverged=0;success=0.00
6af2081,A4:clip0.5,synthetic_10D,S_G_250_seed987654,restarts_0..39,n=16;no_lgd/none/rng=tape/restarts=40@0,arm64 cpu,float32,0.743,767,,1584,1584,0.3211,0.5321,diverged=0;success=0.00
6af2081,A4:qclip0.5,synthetic_10D,S_G_250_seed987654,restarts_0..39,n=16;no_lgd/none/rng=tape/restarts=40@0,arm64 cpu,float32,0.741,780,,1584,1584,0.2986,0.5121,diverged=0;success=0.00
6af2081,A4:qclip0.75,synthetic_10D,S_G_250_seed987654,restarts_0..39,n=16;no_lgd/none/rng=tape/restarts=40@0,arm64 cpu,float32,0.742,778,,1584,1584,0.2854,0.5382,diverged=0;success=0.00
6af2081,A4:relclip0.5,synthetic_10D,S_G_250_seed987654,restarts_0..39,n=16;no_lgd/none/rng=tape/restarts=40@0,arm64 cpu,float32,0.823,784,,1584,1584,0.3977,0.5415,diverged=0;success=0.00
6af2081,A4:relclip1,synthetic_10D,S_G_250_seed987654,restarts_0..39,n=16;no_lgd/none/rng=tape/restarts=40@0,arm64 cpu,float32,0.851,783,,1584,1584,0.2986,0.5121,diverged=0;success=0.00
6af2081,A4:relclip2,synthetic_10D,S_G_250_seed987654,restarts_0..39,n=16;no_lgd/none/rng=tape/restarts=40@0,arm64 cpu,float32,0.763,785,,1584,1584,0.297,0.5484,diverged=0;success=0.00
6af2081,A4:relclip_ema0.5,synthetic_10D,S_G_250_seed987654,restarts_0..39,n=16;no_lgd/none/rng=tape/restarts=40@0,arm64 cpu,float32,0.648,784,,1584,1584,0.3836,0.5294,diverged=0;success=0.00
6af2081,A4:relclip_ema1,synthetic_10D,S_G_250_seed987654,restarts_0..39,n=16;no_lgd/none/rng=tape/restarts=40@0,arm64 cpu,float32,0.765,784,,1584,1584,0.2846,0.4962,diverged=0;success=0.00
6af2081,A4:relclip_ema2,synthetic_10D,S_G_250_seed987654,restarts_0..39,n=16;no_lgd/none/rng=tape/restarts=40@0,arm64 cpu,float32,0.632,784,,1584,1584,0.2874,0.5122,diverged=0;success=0.00
6af2081,A4:sqrt_floor,synthetic_10D,S_G_250_seed987654,restarts_0..39,n=16;no_lgd/none/rng=tape/restarts=40@0,arm64 cpu,float32,0.843,782,,1584,1584,0.3144,0.4898,diverged=0;success=0.00
6af2081,A4:sqrtfloor_clip0.1,synthetic_10D,S_G_250_seed987654,restarts_0..39,n=16;no_lgd/none/rng=tape/restarts=40@0,arm64 cpu,float32,0.632,781,,1584,1584,0.4481,0.4816,diverged=0;success=0.00
6af2081,A4:sqrtfloor_clip0.5,synthetic_10D,S_G_250_seed987654,restarts_0..39,n=16;no_lgd/none/rng=tape/restarts=40@0,arm64 cpu,float32,0.713,779,,1584,1584,0.373,0.5350,diverged=0;success=0.00
6af2081,A4:sqrtfloor_relclip1,synthetic_10D,S_G_250_seed987654,restarts_0..39,n=16;no_lgd/none/rng=tape/restarts=40@0,arm64 cpu,float32,0.723,777,,1584,1584,0.3334,0.5301,diverged=0;success=0.00
6af2081,A4:trust_ddim0.1,synthetic_10D,S_G_250_seed987654,restarts_0..39,n=16;no_lgd/none/rng=tape/restarts=40@0,arm64 cpu,float32,0.763,784,,1584,1584,0.4506,0.4129,diverged=0;success=0.00
6af2081,A4:trust_ddim0.3,synthetic_10D,S_G_250_seed987654,restarts_0..39,n=16;no_lgd/none/rng=tape/restarts=40@0,arm64 cpu,float32,0.759,781,,1584,1584,0.3985,0.4395,diverged=0;success=0.00
6af2081,A4:trust_ddim1,synthetic_10D,S_G_250_seed987654,restarts_0..39,n=16;no_lgd/none/rng=tape/restarts=40@0,arm64 cpu,float32,4.382,779,,1584,1584,0.4061,0.4724,diverged=0;success=0.00
6af2081,A4:trust_noise0.1,synthetic_10D,S_G_250_seed987654,restarts_0..39,n=16;no_lgd/none/rng=tape/restarts=40@0,arm64 cpu,float32,0.644,785,,1584,1584,0.4039,0.4582,diverged=0;success=0.00
6af2081,A4:trust_noise0.3,synthetic_10D,S_G_250_seed987654,restarts_0..39,n=16;no_lgd/none/rng=tape/restarts=40@0,arm64 cpu,float32,0.819,784,,1584,1584,0.3934,0.5158,diverged=0;success=0.00
6af2081,A4:trust_noise1,synthetic_10D,S_G_250_seed987654,restarts_0..39,n=16;no_lgd/none/rng=tape/restarts=40@0,arm64 cpu,float32,0.812,787,,1584,1584,0.2815,0.4941,diverged=0;success=0.00
6af2081,A4:baseline,synthetic_10D,S_G_250_seed987654,restarts_0..39,n=24;no_lgd/none/rng=tape/restarts=40@0,arm64 cpu,float32,0.865,759,,2376,2376,0.2723,0.5010,diverged=0;success=0.00
6af2081,A4:baseline,synthetic_10D,S_G_250_seed987654,restarts_0..39,n=2;no_lgd/none/rng=tape/restarts=40@0,arm64 cpu,float32,0.732,754,,198,198,0.3514,0.6366,diverged=0;success=0.00
6af2081,A4:baseline,synthetic_10D,S_G_250_seed987654,restarts_0..39,n=32;lgd/none/rng=legacy/restarts=40@0,arm64 cpu,float32,1.861,775,,9504,9504,0.211,0.4315,diverged=0;success=0.00
6af2081,A4:baseline,synthetic_10D,S_G_250_seed987654,restarts_0..39,n=32;lgd/none/rng=tape/restarts=40@0,arm64 cpu,float32,2.027,859,,9504,9504,0.1799,0.4343,diverged=0;success=0.00
6af2081,A4:clip0.1,synthetic_10D,S_G_250_seed987654,restarts_0..39,n=32;lgd/none/rng=tape/restarts=40@0,arm64 cpu,float32,1.775,855,,9504,9504,0.2235,0.4810,diverged=0;success=0.00
6af2081,A4:clip0.5,synthetic_10D,S_G_250_seed987654,restarts_0..39,n=32;lgd/none/rng=tape/restarts=40@0,arm64 cpu,float32,1.936,821,,9504,9504,0.1754,0.5884,diverged=0;success=0.00
6af2081,A4:relclip1,synthetic_10D,S_G_250_seed987654,restarts_0..39,n=32;lgd/none/rng=tape/restarts=40@0,arm64 cpu,float32,1.877,852,,9504,9504,0.1994,0.5880,diverged=0;success=0.00
6af2081,A4:adapt_agree0.5,synthetic_10D,S_G_250_seed987654,restarts_0..39,n=32;no_lgd/adam/rng=tape/restarts=40@0,arm64 cpu,float32,1.765,829,,3168,3168,0.3266,0.6207,diverged=0;success=0.00
6af2081,A4:antithetic,synthetic_10D,S_G_250_seed987654,restarts_0..39,n=32;no_lgd/adam/rng=tape/restarts=40@0,arm64 cpu,float32,0.688,756,,3168,3168,0.185,0.4983,diverged=0;success=0.00
6af2081,A4:baseline,synthetic_10D,S_G_250_seed987654,restarts_0..39,n=32;no_lgd/adam/rng=legacy/restarts=40@0,arm64 cpu,float32,0.715,763,,3168,3168,0.208,0.5847,diverged=0;success=0.00
6af2081,A4:baseline,synthetic_10D,S_G_250_seed987654,restarts_0..39,n=32;no_lgd/adam/rng=tape/restarts=40@0,arm64 cpu,float32,0.800,756,,3168,3168,0.2152,0.5670,diverged=0;success=0.00
6af2081,A4:clip0.1,synthetic_10D,S_G_250_seed987654,restarts_0..39,n=32;no_lgd/adam/rng=tape/restarts=40@0,arm64 cpu,float32,0.767,788,,3168,3168,0.233,0.6886,diverged=0;success=0.00
6af2081,A4:clip0.5,synthetic_10D,S_G_250_seed987654,restarts_0..39,n=32;no_lgd/adam/rng=tape/restarts=40@0,arm64 cpu,float32,0.914,790,,3168,3168,0.2116,0.6497,diverged=0;success=0.00
6af2081,A4:crn,synthetic_10D,S_G_250_seed987654,restarts_0..39,n=32;no_lgd/adam/rng=tape/restarts=40@0,arm64 cpu,float32,0.743,752,,3168,3168,0.1083,0.6005,diverged=0;success=0.00
6af2081,A4:relclip1,synthetic_10D,S_G_250_seed987654,restarts_0..39,n=32;no_lgd/adam/rng=tape/restarts=40@0,arm64 cpu,float32,0.750,789,,3168,3168,0.1979,0.6178,diverged=0;success=0.00
6af2081,A4:adapt_agree0.5,synthetic_10D,S_G_250_seed987654,restarts_0..39,n=32;no_lgd/none/rng=tape/restarts=40@0,arm64 cpu,float32,1.735,784,,3168,3168,0.3442,0.5734,diverged=0;success=0.00
6af2081,A4:adapt_agree0.8,synthetic_10D,S_G_250_seed987654,restarts_0..39,n=32;no_lgd/none/rng=tape/restarts=40@0,arm64 cpu,float32,1.641,789,,3168,3168,0.3508,0.6377,diverged=0;success=0.00
6af2081,A4:adapt_improve,synthetic_10D,S_G_250_seed987654,restarts_0..39,n=32;no_lgd/none/rng=tape/restarts=40@0,arm64 cpu,float32,0.814,773,,3168,3168,0.3271,0.5515,diverged=0;success=0.00
6af2081,A4:antithetic,synthetic_10D,S_G_250_seed987654,restarts_0..39,n=32;no_lgd/none/rng=tape/restarts=40@0,arm64 cpu,float32,0.878,758,,3168,3168,0.1775,0.4669,diverged=0;success=0.00
6af2081,A4:baseline,synthetic_10D,S_G_250_seed987654,restarts_0..39,n=32;no_lgd/none/rng=legacy/restarts=40@0,arm64 cpu,float32,0.711,759,,3168,3168,0.2959,0.4928,diverged=0;success=0.00
6af2081,A4:baseline,synthetic_10D,S_G_250_seed987654,restarts_0..39,n=32;no_lgd/none/rng=tape/restarts=40@0,arm64 cpu,float32,0.906,788,,3168,3168,0.2899,0.4935,diverged=0;success=0.00
6af2081,A4:bw_pooled_floor,synthetic_10D,S_G_250_seed987654,restarts_0..39,n=32;no_lgd/none/rng=tape/restarts=40@0,arm64 cpu,float32,0.807,755,,3168,3168,0.2626,0.4551,diverged=0;success=0.00
6af2081,A4:bw_pooled,synthetic_10D,S_G_250_seed987654,restarts_0..39,n=32;no_lgd/none/rng=tape/restarts=40@0,arm64 cpu,float32,0.901,765,,3168,3168,0.2945,0.5089,diverged=0;success=0.00
6af2081,A4:clip0.1,synthetic_10D,S_G_250_seed987654,restarts_0..39,n=32;no_lgd/none/rng=tape/restarts=40@0,arm64 cpu,float32,0.860,759,,3168,3168,0.3188,0.4924,diverged=0;success=0.00
6af2081,A4:clip0.5,synthetic_10D,S_G_250_seed987654,restarts_0..39,n=32;no_lgd/none/rng=tape/restarts=40@0,arm64 cpu,float32,0.905,790,,3168,3168,0.2585,0.5606,diverged=0;success=0.00
6af2081,A4:crn,synthetic_10D,S_G_250_seed987654,restarts_0..39,n=32;no_lgd/none/rng=tape/restarts=40@0,arm64 cpu,float32,0.865,759,,3168,3168,0.05986,0.5584,diverged=0;success=0.00
6af2081,A4:norm_only,synthetic_10D,S_G_250_seed987654,restarts_0..39,n=32;no_lgd/none/rng=tape/restarts=40@0,arm64 cpu,float32,0.846,783,,3168,3168,0.215,0.6744,diverged=0;success=0.00
6af2081,A4:qclip0.5,synthetic_10D,S_G_250_seed987654,restarts_0..39,n=32;no_lgd/none/rng=tape/restarts=40@0,arm64 cpu,float32,0.817,797,,3168,3168,0.2503,0.5636,diverged=0;success=0.00
6af2081,A4:qclip0.75,synthetic_10D,S_G_250_seed987654,restarts_0..39,n=32;no_lgd/none/rng=tape/restarts=40@0,arm64 cpu,float32,0.742,793,,3168,3168,0.2051,0.4771,diverged=0;success=0.00
6af2081,A4:recur2_next_state_tweedie,synthetic_10D,S_G_250_seed987654,restarts_0..39,n=32;no_lgd/none/rng=tape/restarts=40@0,arm64 cpu,float32,1.612,730,,6336,6336,0.2119,0.5712,diverged=0;success=0.00
6af2081,A4:relclip0.5,synthetic_10D,S_G_250_seed987654,restarts_0..39,n=32;no_lgd/none/rng=tape/restarts=40@0,arm64 cpu,float32,0.756,798,,3168,3168,0.3128,0.5650,diverged=0;success=0.00
6af2081,A4:relclip1,synthetic_10D,S_G_250_seed987654,restarts_0..39,n=32;no_lgd/none/rng=tape/restarts=40@0,arm64 cpu,float32,0.817,804,,3168,3168,0.2503,0.5636,diverged=0;success=0.00
6af2081,A4:relclip2,synthetic_10D,S_G_250_seed987654,restarts_0..39,n=32;no_lgd/none/rng=tape/restarts=40@0,arm64 cpu,float32,0.833,796,,3168,3168,0.2085,0.4858,diverged=0;success=0.00
6af2081,A4:relclip_ema0.5,synthetic_10D,S_G_250_seed987654,restarts_0..39,n=32;no_lgd/none/rng=tape/restarts=40@0,arm64 cpu,float32,0.779,796,,3168,3168,0.3132,0.5597,diverged=0;success=0.00
6af2081,A4:relclip_ema1,synthetic_10D,S_G_250_seed987654,restarts_0..39,n=32;no_lgd/none/rng=tape/restarts=40@0,arm64 cpu,float32,0.816,794,,3168,3168,0.2291,0.5305,diverged=0;success=0.00
6af2081,A4:relclip_ema2,synthetic_10D,S_G_250_seed987654,restarts_0..39,n=32;no_lgd/none/rng=tape/restarts=40@0,arm64 cpu,float32,0.859,791,,3168,3168,0.2061,0.4674,diverged=0;success=0.00
6af2081,A4:sqrt_abs_eps,synthetic_10D,S_G_250_seed987654,restarts_0..39,n=32;no_lgd/none/rng=tape/restarts=40@0,arm64 cpu,float32,0.775,752,,3168,3168,0.3415,0.5336,diverged=0;success=0.00
6af2081,A4:sqrt_floor,synthetic_10D,S_G_250_seed987654,restarts_0..39,n=32;no_lgd/none/rng=tape/restarts=40@0,arm64 cpu,float32,0.760,754,,3168,3168,0.3256,0.4996,diverged=0;success=0.00
6af2081,A4:sqrtfloor_clip0.1,synthetic_10D,S_G_250_seed987654,restarts_0..39,n=32;no_lgd/none/rng=tape/restarts=40@0,arm64 cpu,float32,0.796,785,,3168,3168,0.4216,0.4934,diverged=0;success=0.00
6af2081,A4:sqrtfloor_clip0.5,synthetic_10D,S_G_250_seed987654,restarts_0..39,n=32;no_lgd/none/rng=tape/restarts=40@0,arm64 cpu,float32,0.761,789,,3168,3168,0.3664,0.5673,diverged=0;success=0.00
6af2081,A4:sqrtfloor_relclip1,synthetic_10D,S_G_250_seed987654,restarts_0..39,n=32;no_lgd/none/rng=tape/restarts=40@0,arm64 cpu,float32,0.892,788,,3168,3168,0.335,0.5612,diverged=0;success=0.00
6af2081,A4:stale2,synthetic_10D,S_G_250_seed987654,restarts_0..39,n=32;no_lgd/none/rng=tape/restarts=40@0,arm64 cpu,float32,0.406,727,,1600,1600,0.2179,0.6887,diverged=1;success=0.00
6af2081,A4:stale3,synthetic_10D,S_G_250_seed987654,restarts_0..39,n=32;no_lgd/none/rng=tape/restarts=40@0,arm64 cpu,float32,0.372,730,,1056,1056,0.1625,0.7346,diverged=0;success=0.00
6af2081,A4:trust_ddim0.1,synthetic_10D,S_G_250_seed987654,restarts_0..39,n=32;no_lgd/none/rng=tape/restarts=40@0,arm64 cpu,float32,0.831,741,,3168,3168,0.3803,0.4120,diverged=0;success=0.00
6af2081,A4:trust_ddim0.3,synthetic_10D,S_G_250_seed987654,restarts_0..39,n=32;no_lgd/none/rng=tape/restarts=40@0,arm64 cpu,float32,0.829,755,,3168,3168,0.3204,0.4340,diverged=0;success=0.00
6af2081,A4:trust_ddim1,synthetic_10D,S_G_250_seed987654,restarts_0..39,n=32;no_lgd/none/rng=tape/restarts=40@0,arm64 cpu,float32,0.718,788,,3168,3168,0.3216,0.4789,diverged=0;success=0.00
6af2081,A4:trust_noise0.1,synthetic_10D,S_G_250_seed987654,restarts_0..39,n=32;no_lgd/none/rng=tape/restarts=40@0,arm64 cpu,float32,0.837,801,,3168,3168,0.3126,0.4664,diverged=0;success=0.00
6af2081,A4:trust_noise0.3,synthetic_10D,S_G_250_seed987654,restarts_0..39,n=32;no_lgd/none/rng=tape/restarts=40@0,arm64 cpu,float32,0.774,754,,3168,3168,0.335,0.5188,diverged=0;success=0.00
6af2081,A4:trust_noise1,synthetic_10D,S_G_250_seed987654,restarts_0..39,n=32;no_lgd/none/rng=tape/restarts=40@0,arm64 cpu,float32,0.865,741,,3168,3168,0.206,0.4559,diverged=0;success=0.00
6af2081,A4:unit0.1,synthetic_10D,S_G_250_seed987654,restarts_0..39,n=32;no_lgd/none/rng=tape/restarts=40@0,arm64 cpu,float32,0.880,761,,3168,3168,0.3206,0.4992,diverged=0;success=0.00
6af2081,A4:unit0.4,synthetic_10D,S_G_250_seed987654,restarts_0..39,n=32;no_lgd/none/rng=tape/restarts=40@0,arm64 cpu,float32,0.804,759,,3168,3168,0.3125,0.5870,diverged=0;success=0.00
6af2081,A4:baseline,synthetic_10D,S_G_250_seed987654,restarts_0..39,n=4;lgd/none/rng=legacy/restarts=40@0,arm64 cpu,float32,1.566,731,,1188,1188,0.2643,0.6647,diverged=0;success=0.00
6af2081,A4:baseline,synthetic_10D,S_G_250_seed987654,restarts_0..39,n=4;lgd/none/rng=tape/restarts=40@0,arm64 cpu,float32,1.513,762,,1188,1188,0.2901,0.6242,diverged=0;success=0.00
6af2081,A4:adapt_agree0.5,synthetic_10D,S_G_250_seed987654,restarts_0..39,n=4;no_lgd/adam/rng=tape/restarts=40@0,arm64 cpu,float32,1.231,730,,396,396,0.4637,0.6730,diverged=0;success=0.00
6af2081,A4:antithetic,synthetic_10D,S_G_250_seed987654,restarts_0..39,n=4;no_lgd/adam/rng=tape/restarts=40@0,arm64 cpu,float32,0.647,673,,396,396,0.2961,0.6614,diverged=0;success=0.00
6af2081,A4:baseline,synthetic_10D,S_G_250_seed987654,restarts_0..39,n=4;no_lgd/adam/rng=legacy/restarts=40@0,arm64 cpu,float32,0.670,721,,396,396,0.4038,0.6521,diverged=0;success=0.00
6af2081,A4:baseline,synthetic_10D,S_G_250_seed987654,restarts_0..39,n=4;no_lgd/adam/rng=tape/restarts=40@0,arm64 cpu,float32,0.590,672,,396,396,0.3365,0.6556,diverged=0;success=0.00
6af2081,A4:clip0.1,synthetic_10D,S_G_250_seed987654,restarts_0..39,n=4;no_lgd/adam/rng=tape/restarts=40@0,arm64 cpu,float32,0.660,778,,396,396,0.4434,0.7363,diverged=0;success=0.00
6af2081,A4:clip0.5,synthetic_10D,S_G_250_seed987654,restarts_0..39,n=4;no_lgd/adam/rng=tape/restarts=40@0,arm64 cpu,float32,0.695,717,,396,396,0.4238,0.6947,diverged=0;success=0.00
6af2081,A4:crn,synthetic_10D,S_G_250_seed987654,restarts_0..39,n=4;no_lgd/adam/rng=tape/restarts=40@0,arm64 cpu,float32,0.590,674,,396,396,0.0918,0.6157,diverged=0;success=0.00
6af2081,A4:relclip1,synthetic_10D,S_G_250_seed987654,restarts_0..39,n=4;no_lgd/adam/rng=tape/restarts=40@0,arm64 cpu,float32,0.728,780,,396,396,0.4225,0.6433,diverged=0;success=0.00
6af2081,A4:adapt_agree0.5,synthetic_10D,S_G_250_seed987654,restarts_0..39,n=4;no_lgd/none/rng=tape/restarts=40@0,arm64 cpu,float32,1.316,792,,396,396,0.4149,0.6741,diverged=0;success=0.00
6af2081,A4:adapt_agree0.8,synthetic_10D,S_G_250_seed987654,restarts_0..39,n=4;no_lgd/none/rng=tape/restarts=40@0,arm64 cpu,float32,1.349,794,,396,396,0.4027,0.7196,diverged=0;success=0.00
6af2081,A4:adapt_improve,synthetic_10D,S_G_250_seed987654,restarts_0..39,n=4;no_lgd/none/rng=tape/restarts=40@0,arm64 cpu,float32,0.616,786,,396,396,0.3896,0.6535,diverged=0;success=0.00
6af2081,A4:antithetic,synthetic_10D,S_G_250_seed987654,restarts_0..39,n=4;no_lgd/none/rng=tape/restarts=40@0,arm64 cpu,float32,0.702,790,,396,396,0.2171,0.7000,diverged=0;success=0.00
6af2081,A4:baseline,synthetic_10D,S_G_250_seed987654,restarts_0..39,n=4;no_lgd/none/rng=legacy/restarts=40@0,arm64 cpu,float32,0.656,721,,396,396,0.299,0.6606,diverged=0;success=0.00
6af2081,A4:baseline,synthetic_10D,S_G_250_seed987654,restarts_0..39,n=4;no_lgd/none/rng=tape/restarts=40@0,arm64 cpu,float32,0.615,776,,396,396,0.2962,0.6207,diverged=0;success=0.00
6af2081,A4:bw_pooled_floor,synthetic_10D,S_G_250_seed987654,restarts_0..39,n=4;no_lgd/none/rng=tape/restarts=40@0,arm64 cpu,float32,0.625,695,,396,396,0.2961,0.6374,diverged=0;success=0.00
6af2081,A4:bw_pooled,synthetic_10D,S_G_250_seed987654,restarts_0..39,n=4;no_lgd/none/rng=tape/restarts=40@0,arm64 cpu,float32,1.102,790,,396,396,0.3266,0.6566,diverged=0;success=0.00
6af2081,A4:clip0.1,synthetic_10D,S_G_250_seed987654,restarts_0..39,n=4;no_lgd/none/rng=tape/restarts=40@0,arm64 cpu,float32,0.730,774,,396,396,0.6707,0.5284,diverged=0;success=0.00
6af2081,A4:clip0.5,synthetic_10D,S_G_250_seed987654,restarts_0..39,n=4;no_lgd/none/rng=tape/restarts=40@0,arm64 cpu,float32,0.698,775,,396,396,0.6138,0.6688,diverged=0;success=0.00
6af2081,A4:crn,synthetic_10D,S_G_250_seed987654,restarts_0..39,n=4;no_lgd/none/rng=tape/restarts=40@0,arm64 cpu,float32,0.621,786,,396,396,0.03834,0.5988,diverged=0;success=0.00
6af2081,A4:norm_only,synthetic_10D,S_G_250_seed987654,restarts_0..39,n=4;no_lgd/none/rng=tape/restarts=40@0,arm64 cpu,float32,0.724,774,,396,396,0.3486,0.7417,diverged=0;success=0.00
6af2081,A4:qclip0.5,synthetic_10D,S_G_250_seed987654,restarts_0..39,n=4;no_lgd/none/rng=tape/restarts=40@0,arm64 cpu,float32,0.729,776,,396,396,0.4957,0.6527,diverged=0;success=0.00
6af2081,A4:qclip0.75,synthetic_10D,S_G_250_seed987654,restarts_0..39,n=4;no_lgd/none/rng=tape/restarts=40@0,arm64 cpu,float32,0.713,780,,396,396,0.429,0.6644,diverged=0;success=0.00
6af2081,A4:recur2_next_state_tweedie,synthetic_10D,S_G_250_seed987654,restarts_0..39,n=4;no_lgd/none/rng=tape/restarts=40@0,arm64 cpu,float32,1.271,792,,792,792,0.2628,0.7085,diverged=0;success=0.00
6af2081,A4:relclip0.5,synthetic_10D,S_G_250_seed987654,restarts_0..39,n=4;no_lgd/none/rng=tape/restarts=40@0,arm64 cpu,float32,0.560,789,,396,396,0.6242,0.5731,diverged=0;success=0.00
6af2081,A4:relclip1,synthetic_10D,S_G_250_seed987654,restarts_0..39,n=4;no_lgd/none/rng=tape/restarts=40@0,arm64 cpu,float32,0.574,791,,396,396,0.4957,0.6527,diverged=0;success=0.00
6af2081,A4:relclip2,synthetic_10D,S_G_250_seed987654,restarts_0..39,n=4;no_lgd/none/rng=tape/restarts=40@0,arm64 cpu,float32,0.679,780,,396,396,0.3479,0.6701,diverged=0;success=0.00
6af2081,A4:relclip_ema0.5,synthetic_10D,S_G_250_seed987654,restarts_0..39,n=4;no_lgd/none/rng=tape/restarts=40@0,arm64 cpu,float32,0.676,781,,396,396,0.6059,0.5818,diverged=0;success=0.00
6af2081,A4:relclip_ema1,synthetic_10D,S_G_250_seed987654,restarts_0..39,n=4;no_lgd/none/rng=tape/restarts=40@0,arm64 cpu,float32,0.592,789,,396,396,0.4837,0.6084,diverged=0;success=0.00
6af2081,A4:relclip_ema2,synthetic_10D,S_G_250_seed987654,restarts_0..39,n=4;no_lgd/none/rng=tape/restarts=40@0,arm64 cpu,float32,0.698,790,,396,396,0.394,0.6278,diverged=0;success=0.00
6af2081,A4:sqrt_abs_eps,synthetic_10D,S_G_250_seed987654,restarts_0..39,n=4;no_lgd/none/rng=tape/restarts=40@0,arm64 cpu,float32,0.655,700,,396,396,0.2775,0.6461,diverged=0;success=0.00
6af2081,A4:sqrt_floor,synthetic_10D,S_G_250_seed987654,restarts_0..39,n=4;no_lgd/none/rng=tape/restarts=40@0,arm64 cpu,float32,0.729,693,,396,396,0.2871,0.6260,diverged=0;success=0.00
6af2081,A4:sqrtfloor_clip0.1,synthetic_10D,S_G_250_seed987654,restarts_0..39,n=4;no_lgd/none/rng=tape/restarts=40@0,arm64 cpu,float32,0.688,778,,396,396,0.4231,0.5237,diverged=0;success=0.00
6af2081,A4:sqrtfloor_clip0.5,synthetic_10D,S_G_250_seed987654,restarts_0..39,n=4;no_lgd/none/rng=tape/restarts=40@0,arm64 cpu,float32,0.798,781,,396,396,0.3675,0.6252,diverged=0;success=0.00
6af2081,A4:sqrtfloor_relclip1,synthetic_10D,S_G_250_seed987654,restarts_0..39,n=4;no_lgd/none/rng=tape/restarts=40@0,arm64 cpu,float32,0.696,778,,396,396,0.3895,0.6012,diverged=0;success=0.00
6af2081,A4:stale2,synthetic_10D,S_G_250_seed987654,restarts_0..39,n=4;no_lgd/none/rng=tape/restarts=40@0,arm64 cpu,float32,0.368,788,,200,200,0.28,0.6697,diverged=1;success=0.00
6af2081,A4:stale3,synthetic_10D,S_G_250_seed987654,restarts_0..39,n=4;no_lgd/none/rng=tape/restarts=40@0,arm64 cpu,float32,0.273,788,,132,132,0.2118,0.8038,diverged=4;success=0.00
6af2081,A4:trust_ddim0.1,synthetic_10D,S_G_250_seed987654,restarts_0..39,n=4;no_lgd/none/rng=tape/restarts=40@0,arm64 cpu,float32,0.746,780,,396,396,0.6669,0.4418,diverged=0;success=0.00
6af2081,A4:trust_ddim0.3,synthetic_10D,S_G_250_seed987654,restarts_0..39,n=4;no_lgd/none/rng=tape/restarts=40@0,arm64 cpu,float32,0.775,782,,396,396,0.6854,0.4758,diverged=0;success=0.00
6af2081,A4:trust_ddim1,synthetic_10D,S_G_250_seed987654,restarts_0..39,n=4;no_lgd/none/rng=tape/restarts=40@0,arm64 cpu,float32,0.679,781,,396,396,0.6682,0.5154,diverged=0;success=0.00
6af2081,A4:trust_noise0.1,synthetic_10D,S_G_250_seed987654,restarts_0..39,n=4;no_lgd/none/rng=tape/restarts=40@0,arm64 cpu,float32,0.780,793,,396,396,0.6794,0.5137,diverged=0;success=0.00
6af2081,A4:trust_noise0.3,synthetic_10D,S_G_250_seed987654,restarts_0..39,n=4;no_lgd/none/rng=tape/restarts=40@0,arm64 cpu,float32,0.627,786,,396,396,0.6767,0.5430,diverged=0;success=0.00
6af2081,A4:trust_noise1,synthetic_10D,S_G_250_seed987654,restarts_0..39,n=4;no_lgd/none/rng=tape/restarts=40@0,arm64 cpu,float32,0.766,781,,396,396,0.4438,0.6302,diverged=0;success=0.00
6af2081,A4:unit0.1,synthetic_10D,S_G_250_seed987654,restarts_0..39,n=4;no_lgd/none/rng=tape/restarts=40@0,arm64 cpu,float32,0.991,777,,396,396,0.6756,0.5260,diverged=0;success=0.00
6af2081,A4:unit0.4,synthetic_10D,S_G_250_seed987654,restarts_0..39,n=4;no_lgd/none/rng=tape/restarts=40@0,arm64 cpu,float32,0.701,777,,396,396,0.6418,0.6437,diverged=0;success=0.00
6af2081,A4:baseline,synthetic_10D,S_G_250_seed987654,restarts_0..39,n=64;no_lgd/none/rng=tape/restarts=40@0,arm64 cpu,float32,1.023,768,,6336,6336,0.2146,0.4643,diverged=0;success=0.00
6af2081,A4:baseline,synthetic_10D,S_G_250_seed987654,restarts_0..39,n=8;lgd/none/rng=legacy/restarts=40@0,arm64 cpu,float32,1.584,803,,2376,2376,0.2421,0.5154,diverged=0;success=0.00
6af2081,A4:baseline,synthetic_10D,S_G_250_seed987654,restarts_0..39,n=8;lgd/none/rng=tape/restarts=40@0,arm64 cpu,float32,1.603,743,,2376,2376,0.2356,0.5230,diverged=0;success=0.00
6af2081,A4:clip0.1,synthetic_10D,S_G_250_seed987654,restarts_0..39,n=8;lgd/none/rng=tape/restarts=40@0,arm64 cpu,float32,1.879,814,,2376,2376,0.3295,0.4832,diverged=0;success=0.00
6af2081,A4:clip0.5,synthetic_10D,S_G_250_seed987654,restarts_0..39,n=8;lgd/none/rng=tape/restarts=40@0,arm64 cpu,float32,1.543,837,,2376,2376,0.314,0.5681,diverged=0;success=0.00
6af2081,A4:relclip1,synthetic_10D,S_G_250_seed987654,restarts_0..39,n=8;lgd/none/rng=tape/restarts=40@0,arm64 cpu,float32,1.826,844,,2376,2376,0.3125,0.5480,diverged=0;success=0.00
6af2081,A4:adapt_agree0.5,synthetic_10D,S_G_250_seed987654,restarts_0..39,n=8;no_lgd/adam/rng=tape/restarts=40@0,arm64 cpu,float32,1.361,761,,792,792,0.4197,0.6828,diverged=0;success=0.00
6af2081,A4:antithetic,synthetic_10D,S_G_250_seed987654,restarts_0..39,n=8;no_lgd/adam/rng=tape/restarts=40@0,arm64 cpu,float32,0.748,747,,792,792,0.2844,0.6259,diverged=0;success=0.00
6af2081,A4:baseline,synthetic_10D,S_G_250_seed987654,restarts_0..39,n=8;no_lgd/adam/rng=legacy/restarts=40@0,arm64 cpu,float32,0.889,788,,792,792,0.3404,0.6567,diverged=0;success=0.00
6af2081,A4:baseline,synthetic_10D,S_G_250_seed987654,restarts_0..39,n=8;no_lgd/adam/rng=tape/restarts=40@0,arm64 cpu,float32,0.756,751,,792,792,0.3344,0.6314,diverged=0;success=0.00
6af2081,A4:clip0.1,synthetic_10D,S_G_250_seed987654,restarts_0..39,n=8;no_lgd/adam/rng=tape/restarts=40@0,arm64 cpu,float32,0.606,767,,792,792,0.4076,0.7024,diverged=0;success=0.00
6af2081,A4:clip0.5,synthetic_10D,S_G_250_seed987654,restarts_0..39,n=8;no_lgd/adam/rng=tape/restarts=40@0,arm64 cpu,float32,0.618,751,,792,792,0.3322,0.6539,diverged=0;success=0.00
6af2081,A4:crn,synthetic_10D,S_G_250_seed987654,restarts_0..39,n=8;no_lgd/adam/rng=tape/restarts=40@0,arm64 cpu,float32,0.696,750,,792,792,0.088,0.6597,diverged=0;success=0.00
6af2081,A4:relclip1,synthetic_10D,S_G_250_seed987654,restarts_0..39,n=8;no_lgd/adam/rng=tape/restarts=40@0,arm64 cpu,float32,0.629,767,,792,792,0.3831,0.6638,diverged=0;success=0.00
6af2081,A4:adapt_agree0.5,synthetic_10D,S_G_250_seed987654,restarts_0..39,n=8;no_lgd/none/rng=tape/restarts=40@0,arm64 cpu,float32,1.290,795,,792,792,0.4434,0.7102,diverged=0;success=0.00
6af2081,A4:adapt_agree0.8,synthetic_10D,S_G_250_seed987654,restarts_0..39,n=8;no_lgd/none/rng=tape/restarts=40@0,arm64 cpu,float32,1.171,802,,792,792,0.4335,0.7071,diverged=0;success=0.00
6af2081,A4:adapt_improve,synthetic_10D,S_G_250_seed987654,restarts_0..39,n=8;no_lgd/none/rng=tape/restarts=40@0,arm64 cpu,float32,0.747,788,,792,792,0.2903,0.7145,diverged=0;success=0.00
6af2081,A4:antithetic,synthetic_10D,S_G_250_seed987654,restarts_0..39,n=8;no_lgd/none/rng=tape/restarts=40@0,arm64 cpu,float32,0.684,677,,792,792,0.2768,0.5603,diverged=0;success=0.00
6af2081,A4:baseline,synthetic_10D,S_G_250_seed987654,restarts_0..39,n=8;no_lgd/none/rng=legacy/restarts=40@0,arm64 cpu,float32,0.622,789,,792,792,0.3337,0.6932,diverged=0;success=0.00
6af2081,A4:baseline,synthetic_10D,S_G_250_seed987654,restarts_0..39,n=8;no_lgd/none/rng=tape/restarts=40@0,arm64 cpu,float32,0.706,760,,792,792,0.3806,0.6151,diverged=0;success=0.00
6af2081,A4:bw_pooled_floor,synthetic_10D,S_G_250_seed987654,restarts_0..39,n=8;no_lgd/none/rng=tape/restarts=40@0,arm64 cpu,float32,0.766,749,,792,792,0.2961,0.6845,diverged=0;success=0.00
6af2081,A4:bw_pooled,synthetic_10D,S_G_250_seed987654,restarts_0..39,n=8;no_lgd/none/rng=tape/restarts=40@0,arm64 cpu,float32,0.834,755,,792,792,0.3228,0.6909,diverged=0;success=0.00
6af2081,A4:clip0.1,synthetic_10D,S_G_250_seed987654,restarts_0..39,n=8;no_lgd/none/rng=tape/restarts=40@0,arm64 cpu,float32,0.685,786,,792,792,0.5486,0.4927,diverged=0;success=0.00
6af2081,A4:clip0.5,synthetic_10D,S_G_250_seed987654,restarts_0..39,n=8;no_lgd/none/rng=tape/restarts=40@0,arm64 cpu,float32,0.625,757,,792,792,0.4632,0.5629,diverged=0;success=0.00
6af2081,A4:crn,synthetic_10D,S_G_250_seed987654,restarts_0..39,n=8;no_lgd/none/rng=tape/restarts=40@0,arm64 cpu,float32,0.659,784,,792,792,0.03043,0.6288,diverged=0;success=0.00
6af2081,A4:norm_only,synthetic_10D,S_G_250_seed987654,restarts_0..39,n=8;no_lgd/none/rng=tape/restarts=40@0,arm64 cpu,float32,0.654,755,,792,792,0.2665,0.7520,diverged=0;success=0.00
6af2081,A4:qclip0.5,synthetic_10D,S_G_250_seed987654,restarts_0..39,n=8;no_lgd/none/rng=tape/restarts=40@0,arm64 cpu,float32,0.720,781,,792,792,0.4263,0.5780,diverged=0;success=0.00
6af2081,A4:qclip0.75,synthetic_10D,S_G_250_seed987654,restarts_0..39,n=8;no_lgd/none/rng=tape/restarts=40@0,arm64 cpu,float32,0.719,778,,792,792,0.3829,0.5912,diverged=0;success=0.00
6af2081,A4:recur2_next_state_tweedie,synthetic_10D,S_G_250_seed987654,restarts_0..39,n=8;no_lgd/none/rng=tape/restarts=40@0,arm64 cpu,float32,1.236,753,,1584,1584,0.2253,0.6673,diverged=0;success=0.00
6af2081,A4:relclip0.5,synthetic_10D,S_G_250_seed987654,restarts_0..39,n=8;no_lgd/none/rng=tape/restarts=40@0,arm64 cpu,float32,0.659,785,,792,792,0.53,0.5533,diverged=0;success=0.00
6af2081,A4:relclip1,synthetic_10D,S_G_250_seed987654,restarts_0..39,n=8;no_lgd/none/rng=tape/restarts=40@0,arm64 cpu,float32,0.587,784,,792,792,0.4263,0.5780,diverged=0;success=0.00
6af2081,A4:relclip2,synthetic_10D,S_G_250_seed987654,restarts_0..39,n=8;no_lgd/none/rng=tape/restarts=40@0,arm64 cpu,float32,0.676,786,,792,792,0.3983,0.6067,diverged=0;success=0.00
6af2081,A4:relclip_ema0.5,synthetic_10D,S_G_250_seed987654,restarts_0..39,n=8;no_lgd/none/rng=tape/restarts=40@0,arm64 cpu,float32,0.682,783,,792,792,0.5341,0.5410,diverged=0;success=0.00
6af2081,A4:relclip_ema1,synthetic_10D,S_G_250_seed987654,restarts_0..39,n=8;no_lgd/none/rng=tape/restarts=40@0,arm64 cpu,float32,0.627,787,,792,792,0.4063,0.5239,diverged=0;success=0.00
6af2081,A4:relclip_ema2,synthetic_10D,S_G_250_seed987654,restarts_0..39,n=8;no_lgd/none/rng=tape/restarts=40@0,arm64 cpu,float32,0.698,787,,792,792,0.3742,0.6306,diverged=0;success=0.00
6af2081,A4:sqrt_abs_eps,synthetic_10D,S_G_250_seed987654,restarts_0..39,n=8;no_lgd/none/rng=tape/restarts=40@0,arm64 cpu,float32,0.604,749,,792,792,0.3379,0.6479,diverged=0;success=0.00
6af2081,A4:sqrt_floor,synthetic_10D,S_G_250_seed987654,restarts_0..39,n=8;no_lgd/none/rng=tape/restarts=40@0,arm64 cpu,float32,0.666,749,,792,792,0.3168,0.6157,diverged=0;success=0.00
6af2081,A4:sqrtfloor_clip0.1,synthetic_10D,S_G_250_seed987654,restarts_0..39,n=8;no_lgd/none/rng=tape/restarts=40@0,arm64 cpu,float32,0.635,785,,792,792,0.4679,0.4936,diverged=0;success=0.00
6af2081,A4:sqrtfloor_clip0.5,synthetic_10D,S_G_250_seed987654,restarts_0..39,n=8;no_lgd/none/rng=tape/restarts=40@0,arm64 cpu,float32,0.700,786,,792,792,0.3761,0.5796,diverged=0;success=0.00
6af2081,A4:sqrtfloor_relclip1,synthetic_10D,S_G_250_seed987654,restarts_0..39,n=8;no_lgd/none/rng=tape/restarts=40@0,arm64 cpu,float32,0.664,793,,792,792,0.3868,0.5923,diverged=0;success=0.00
6af2081,A4:stale2,synthetic_10D,S_G_250_seed987654,restarts_0..39,n=8;no_lgd/none/rng=tape/restarts=40@0,arm64 cpu,float32,0.398,673,,400,400,0.2153,0.7144,diverged=1;success=0.00
6af2081,A4:stale3,synthetic_10D,S_G_250_seed987654,restarts_0..39,n=8;no_lgd/none/rng=tape/restarts=40@0,arm64 cpu,float32,0.256,672,,264,264,0.2374,0.7436,diverged=1;success=0.00
6af2081,A4:trust_ddim0.1,synthetic_10D,S_G_250_seed987654,restarts_0..39,n=8;no_lgd/none/rng=tape/restarts=40@0,arm64 cpu,float32,0.661,795,,792,792,0.5532,0.4238,diverged=0;success=0.00
6af2081,A4:trust_ddim0.3,synthetic_10D,S_G_250_seed987654,restarts_0..39,n=8;no_lgd/none/rng=tape/restarts=40@0,arm64 cpu,float32,0.669,784,,792,792,0.5368,0.4496,diverged=0;success=0.00
6af2081,A4:trust_ddim1,synthetic_10D,S_G_250_seed987654,restarts_0..39,n=8;no_lgd/none/rng=tape/restarts=40@0,arm64 cpu,float32,0.735,785,,792,792,0.5361,0.4924,diverged=0;success=0.00
6af2081,A4:trust_noise0.1,synthetic_10D,S_G_250_seed987654,restarts_0..39,n=8;no_lgd/none/rng=tape/restarts=40@0,arm64 cpu,float32,0.625,793,,792,792,0.5432,0.4702,diverged=0;success=0.00
6af2081,A4:trust_noise0.3,synthetic_10D,S_G_250_seed987654,restarts_0..39,n=8;no_lgd/none/rng=tape/restarts=40@0,arm64 cpu,float32,0.641,796,,792,792,0.5439,0.5103,diverged=0;success=0.00
6af2081,A4:trust_noise1,synthetic_10D,S_G_250_seed987654,restarts_0..39,n=8;no_lgd/none/rng=tape/restarts=40@0,arm64 cpu,float32,0.704,795,,792,792,0.4008,0.5215,diverged=0;success=0.00
6af2081,A4:unit0.1,synthetic_10D,S_G_250_seed987654,restarts_0..39,n=8;no_lgd/none/rng=tape/restarts=40@0,arm64 cpu,float32,0.689,783,,792,792,0.5395,0.4944,diverged=0;success=0.00
6af2081,A4:unit0.4,synthetic_10D,S_G_250_seed987654,restarts_0..39,n=8;no_lgd/none/rng=tape/restarts=40@0,arm64 cpu,float32,0.745,788,,792,792,0.5364,0.5428,diverged=0;success=0.00
6af2081,A4:baseline,synthetic_10D,S_G_250_seed987654,restarts_0..39,n=96;no_lgd/none/rng=tape/restarts=40@0,arm64 cpu,float32,1.095,814,,9504,9504,0.2204,0.4388,diverged=0;success=0.00
6af2081,A4:baseline,synthetic_2D,S_G_250_seed987654,restarts_0..39,n=16;no_lgd/adam/rng=tape/restarts=40@0,arm64 cpu,float32,0.705,788,,1584,1584,0.06292,0.2848,diverged=0;success=0.47
6af2081,A4:clip0.1,synthetic_2D,S_G_250_seed987654,restarts_0..39,n=16;no_lgd/adam/rng=tape/restarts=40@0,arm64 cpu,float32,0.723,790,,1584,1584,0.06414,0.2446,diverged=0;success=0.62
6af2081,A4:clip0.5,synthetic_2D,S_G_250_seed987654,restarts_0..39,n=16;no_lgd/adam/rng=tape/restarts=40@0,arm64 cpu,float32,0.715,792,,1584,1584,0.06009,0.2731,diverged=0;success=0.47
6af2081,A4:relclip1,synthetic_2D,S_G_250_seed987654,restarts_0..39,n=16;no_lgd/adam/rng=tape/restarts=40@0,arm64 cpu,float32,0.644,795,,1584,1584,0.05872,0.2248,diverged=0;success=0.65
6af2081,A4:baseline,synthetic_2D,S_G_250_seed987654,restarts_0..39,n=16;no_lgd/none/rng=tape/restarts=40@0,arm64 cpu,float32,0.691,764,,1584,1584,0.04691,0.2980,diverged=0;success=0.47
6af2081,A4:clip0.1,synthetic_2D,S_G_250_seed987654,restarts_0..39,n=16;no_lgd/none/rng=tape/restarts=40@0,arm64 cpu,float32,0.669,574,,1584,1584,0.2135,0.5289,diverged=0;success=0.20
6af2081,A4:clip0.5,synthetic_2D,S_G_250_seed987654,restarts_0..39,n=16;no_lgd/none/rng=tape/restarts=40@0,arm64 cpu,float32,0.710,796,,1584,1584,0.04558,0.2452,diverged=0;success=0.55
6af2081,A4:qclip0.5,synthetic_2D,S_G_250_seed987654,restarts_0..39,n=16;no_lgd/none/rng=tape/restarts=40@0,arm64 cpu,float32,0.861,789,,1584,1584,0.04853,0.2313,diverged=0;success=0.78
6af2081,A4:qclip0.75,synthetic_2D,S_G_250_seed987654,restarts_0..39,n=16;no_lgd/none/rng=tape/restarts=40@0,arm64 cpu,float32,0.760,787,,1584,1584,0.04651,0.2140,diverged=0;success=0.68
6af2081,A4:relclip0.5,synthetic_2D,S_G_250_seed987654,restarts_0..39,n=16;no_lgd/none/rng=tape/restarts=40@0,arm64 cpu,float32,0.700,789,,1584,1584,0.05515,0.2927,diverged=0;success=0.65
6af2081,A4:relclip1,synthetic_2D,S_G_250_seed987654,restarts_0..39,n=16;no_lgd/none/rng=tape/restarts=40@0,arm64 cpu,float32,0.707,790,,1584,1584,0.04853,0.2313,diverged=0;success=0.78
6af2081,A4:relclip2,synthetic_2D,S_G_250_seed987654,restarts_0..39,n=16;no_lgd/none/rng=tape/restarts=40@0,arm64 cpu,float32,0.709,758,,1584,1584,0.04499,0.1849,diverged=0;success=0.82
6af2081,A4:relclip_ema0.5,synthetic_2D,S_G_250_seed987654,restarts_0..39,n=16;no_lgd/none/rng=tape/restarts=40@0,arm64 cpu,float32,0.758,758,,1584,1584,0.06468,0.3325,diverged=0;success=0.55
6af2081,A4:relclip_ema1,synthetic_2D,S_G_250_seed987654,restarts_0..39,n=16;no_lgd/none/rng=tape/restarts=40@0,arm64 cpu,float32,0.847,790,,1584,1584,0.04858,0.1590,diverged=0;success=0.88
6af2081,A4:relclip_ema2,synthetic_2D,S_G_250_seed987654,restarts_0..39,n=16;no_lgd/none/rng=tape/restarts=40@0,arm64 cpu,float32,0.806,790,,1584,1584,0.04677,0.1901,diverged=0;success=0.75
6af2081,A4:sqrt_floor,synthetic_2D,S_G_250_seed987654,restarts_0..39,n=16;no_lgd/none/rng=tape/restarts=40@0,arm64 cpu,float32,0.727,642,,1584,1584,0.05918,0.2657,diverged=0;success=0.65
6af2081,A4:sqrtfloor_clip0.1,synthetic_2D,S_G_250_seed987654,restarts_0..39,n=16;no_lgd/none/rng=tape/restarts=40@0,arm64 cpu,float32,0.934,792,,1584,1584,0.1686,0.6232,diverged=0;success=0.10
6af2081,A4:sqrtfloor_clip0.5,synthetic_2D,S_G_250_seed987654,restarts_0..39,n=16;no_lgd/none/rng=tape/restarts=40@0,arm64 cpu,float32,0.781,793,,1584,1584,0.05597,0.2362,diverged=0;success=0.57
6af2081,A4:sqrtfloor_relclip1,synthetic_2D,S_G_250_seed987654,restarts_0..39,n=16;no_lgd/none/rng=tape/restarts=40@0,arm64 cpu,float32,0.719,791,,1584,1584,0.06576,0.3350,diverged=0;success=0.62
6af2081,A4:trust_ddim0.1,synthetic_2D,S_G_250_seed987654,restarts_0..39,n=16;no_lgd/none/rng=tape/restarts=40@0,arm64 cpu,float32,0.713,793,,1584,1584,0.5091,0.5956,diverged=0;success=0.00
6af2081,A4:trust_ddim0.3,synthetic_2D,S_G_250_seed987654,restarts_0..39,n=16;no_lgd/none/rng=tape/restarts=40@0,arm64 cpu,float32,0.833,787,,1584,1584,0.4577,0.5929,diverged=0;success=0.00
6af2081,A4:trust_ddim1,synthetic_2D,S_G_250_seed987654,restarts_0..39,n=16;no_lgd/none/rng=tape/restarts=40@0,arm64 cpu,float32,0.845,783,,1584,1584,0.2432,0.6915,diverged=0;success=0.00
6af2081,A4:trust_noise0.1,synthetic_2D,S_G_250_seed987654,restarts_0..39,n=16;no_lgd/none/rng=tape/restarts=40@0,arm64 cpu,float32,0.644,791,,1584,1584,0.195,0.4779,diverged=0;success=0.38
6af2081,A4:trust_noise0.3,synthetic_2D,S_G_250_seed987654,restarts_0..39,n=16;no_lgd/none/rng=tape/restarts=40@0,arm64 cpu,float32,0.727,791,,1584,1584,0.04551,0.2192,diverged=0;success=0.80
6af2081,A4:trust_noise1,synthetic_2D,S_G_250_seed987654,restarts_0..39,n=16;no_lgd/none/rng=tape/restarts=40@0,arm64 cpu,float32,0.702,793,,1584,1584,0.04566,0.2038,diverged=0;success=0.70
6af2081,A4:baseline,synthetic_2D,S_G_250_seed987654,restarts_0..39,n=24;no_lgd/none/rng=tape/restarts=40@0,arm64 cpu,float32,0.857,769,,2376,2376,0.04262,0.2654,diverged=0;success=0.55
6af2081,A4:baseline,synthetic_2D,S_G_250_seed987654,restarts_0..39,n=2;no_lgd/none/rng=tape/restarts=40@0,arm64 cpu,float32,0.696,761,,198,198,0.1001,0.8049,diverged=2;success=0.15
6af2081,A4:baseline,synthetic_2D,S_G_250_seed987654,restarts_0..39,n=32;lgd/none/rng=legacy/restarts=40@0,arm64 cpu,float32,1.768,782,,9504,9504,0.02881,0.2407,diverged=0;success=0.55
6af2081,A4:baseline,synthetic_2D,S_G_250_seed987654,restarts_0..39,n=32;lgd/none/rng=tape/restarts=40@0,arm64 cpu,float32,2.120,861,,9504,9504,0.0283,0.2289,diverged=0;success=0.53
6af2081,A4:clip0.1,synthetic_2D,S_G_250_seed987654,restarts_0..39,n=32;lgd/none/rng=tape/restarts=40@0,arm64 cpu,float32,2.027,860,,9504,9504,0.1133,0.5683,diverged=0;success=0.23
6af2081,A4:clip0.5,synthetic_2D,S_G_250_seed987654,restarts_0..39,n=32;lgd/none/rng=tape/restarts=40@0,arm64 cpu,float32,2.027,875,,9504,9504,0.02852,0.2282,diverged=0;success=0.53
6af2081,A4:relclip1,synthetic_2D,S_G_250_seed987654,restarts_0..39,n=32;lgd/none/rng=tape/restarts=40@0,arm64 cpu,float32,17.456,804,,9504,9504,0.02823,0.3317,diverged=0;success=0.75
6af2081,A4:adapt_agree0.5,synthetic_2D,S_G_250_seed987654,restarts_0..39,n=32;no_lgd/adam/rng=tape/restarts=40@0,arm64 cpu,float32,1.758,813,,3168,3168,0.07346,0.3024,diverged=0;success=0.42
6af2081,A4:antithetic,synthetic_2D,S_G_250_seed987654,restarts_0..39,n=32;no_lgd/adam/rng=tape/restarts=40@0,arm64 cpu,float32,0.839,780,,3168,3168,0.04439,0.2785,diverged=0;success=0.25
6af2081,A4:baseline,synthetic_2D,S_G_250_seed987654,restarts_0..39,n=32;no_lgd/adam/rng=legacy/restarts=40@0,arm64 cpu,float32,0.794,782,,3168,3168,0.04961,0.2356,diverged=0;success=0.55
6af2081,A4:baseline,synthetic_2D,S_G_250_seed987654,restarts_0..39,n=32;no_lgd/adam/rng=tape/restarts=40@0,arm64 cpu,float32,0.868,787,,3168,3168,0.04909,0.2359,diverged=0;success=0.53
6af2081,A4:clip0.1,synthetic_2D,S_G_250_seed987654,restarts_0..39,n=32;no_lgd/adam/rng=tape/restarts=40@0,arm64 cpu,float32,0.673,794,,3168,3168,0.05319,0.2004,diverged=0;success=0.68
6af2081,A4:clip0.5,synthetic_2D,S_G_250_seed987654,restarts_0..39,n=32;no_lgd/adam/rng=tape/restarts=40@0,arm64 cpu,float32,0.889,783,,3168,3168,0.05005,0.2334,diverged=0;success=0.57
6af2081,A4:crn,synthetic_2D,S_G_250_seed987654,restarts_0..39,n=32;no_lgd/adam/rng=tape/restarts=40@0,arm64 cpu,float32,0.868,779,,3168,3168,0.02733,0.2929,diverged=0;success=0.53
6af2081,A4:relclip1,synthetic_2D,S_G_250_seed987654,restarts_0..39,n=32;no_lgd/adam/rng=tape/restarts=40@0,arm64 cpu,float32,0.714,789,,3168,3168,0.04683,0.2006,diverged=0;success=0.75
6af2081,A4:adapt_agree0.5,synthetic_2D,S_G_250_seed987654,restarts_0..39,n=32;no_lgd/none/rng=tape/restarts=40@0,arm64 cpu,float32,1.591,818,,3168,3168,0.05298,0.2771,diverged=0;success=0.57
6af2081,A4:adapt_agree0.8,synthetic_2D,S_G_250_seed987654,restarts_0..39,n=32;no_lgd/none/rng=tape/restarts=40@0,arm64 cpu,float32,1.978,820,,3168,3168,0.05565,0.2541,diverged=0;success=0.57
6af2081,A4:adapt_improve,synthetic_2D,S_G_250_seed987654,restarts_0..39,n=32;no_lgd/none/rng=tape/restarts=40@0,arm64 cpu,float32,0.859,799,,3168,3168,0.04725,0.2913,diverged=0;success=0.53
6af2081,A4:antithetic,synthetic_2D,S_G_250_seed987654,restarts_0..39,n=32;no_lgd/none/rng=tape/restarts=40@0,arm64 cpu,float32,0.824,784,,3168,3168,0.0328,0.2840,diverged=0;success=0.28
6af2081,A4:baseline,synthetic_2D,S_G_250_seed987654,restarts_0..39,n=32;no_lgd/none/rng=legacy/restarts=40@0,arm64 cpu,float32,0.766,782,,3168,3168,0.04026,0.2441,diverged=0;success=0.47
6af2081,A4:baseline,synthetic_2D,S_G_250_seed987654,restarts_0..39,n=32;no_lgd/none/rng=tape/restarts=40@0,arm64 cpu,float32,0.909,792,,3168,3168,0.03789,0.2518,diverged=0;success=0.50
6af2081,A4:bw_pooled_floor,synthetic_2D,S_G_250_seed987654,restarts_0..39,n=32;no_lgd/none/rng=tape/restarts=40@0,arm64 cpu,float32,0.966,783,,3168,3168,0.03638,0.2518,diverged=0;success=0.50
6af2081,A4:bw_pooled,synthetic_2D,S_G_250_seed987654,restarts_0..39,n=32;no_lgd/none/rng=tape/restarts=40@0,arm64 cpu,float32,0.995,790,,3168,3168,0.03865,0.2422,diverged=0;success=0.50
6af2081,A4:clip0.1,synthetic_2D,S_G_250_seed987654,restarts_0..39,n=32;no_lgd/none/rng=tape/restarts=40@0,arm64 cpu,float32,0.812,799,,3168,3168,0.1747,0.6082,diverged=0;success=0.10
6af2081,A4:clip0.5,synthetic_2D,S_G_250_seed987654,restarts_0..39,n=32;no_lgd/none/rng=tape/restarts=40@0,arm64 cpu,float32,0.889,791,,3168,3168,0.03717,0.2523,diverged=0;success=0.42
6af2081,A4:crn,synthetic_2D,S_G_250_seed987654,restarts_0..39,n=32;no_lgd/none/rng=tape/restarts=40@0,arm64 cpu,float32,0.795,782,,3168,3168,0.008389,0.2475,diverged=0;success=0.62
6af2081,A4:norm_only,synthetic_2D,S_G_250_seed987654,restarts_0..39,n=32;no_lgd/none/rng=tape/restarts=40@0,arm64 cpu,float32,0.833,791,,3168,3168,0.03979,0.2256,diverged=0;success=0.62
6af2081,A4:qclip0.5,synthetic_2D,S_G_250_seed987654,restarts_0..39,n=32;no_lgd/none/rng=tape/restarts=40@0,arm64 cpu,float32,0.838,792,,3168,3168,0.03562,0.2529,diverged=0;success=0.85
6af2081,A4:qclip0.75,synthetic_2D,S_G_250_seed987654,restarts_0..39,n=32;no_lgd/none/rng=tape/restarts=40@0,arm64 cpu,float32,0.712,791,,3168,3168,0.03705,0.2363,diverged=0;success=0.60
6af2081,A4:recur2_next_state_tweedie,synthetic_2D,S_G_250_seed987654,restarts_0..39,n=32;no_lgd/none/rng=tape/restarts=40@0,arm64 cpu,float32,1.681,786,,6336,6336,0.03948,0.2283,diverged=0;success=0.62
6af2081,A4:relclip0.5,synthetic_2D,S_G_250_seed987654,restarts_0..39,n=32;no_lgd/none/rng=tape/restarts=40@0,arm64 cpu,float32,0.788,792,,3168,3168,0.168,0.4778,diverged=0;success=0.40
6af2081,A4:relclip1,synthetic_2D,S_G_250_seed987654,restarts_0..39,n=32;no_lgd/none/rng=tape/restarts=40@0,arm64 cpu,float32,0.806,790,,3168,3168,0.03562,0.2529,diverged=0;success=0.85
6af2081,A4:relclip2,synthetic_2D,S_G_250_seed987654,restarts_0..39,n=32;no_lgd/none/rng=tape/restarts=40@0,arm64 cpu,float32,0.980,795,,3168,3168,0.0358,0.2115,diverged=0;success=0.82
6af2081,A4:relclip_ema0.5,synthetic_2D,S_G_250_seed987654,restarts_0..39,n=32;no_lgd/none/rng=tape/restarts=40@0,arm64 cpu,float32,0.907,788,,3168,3168,0.1711,0.4976,diverged=0;success=0.35
6af2081,A4:relclip_ema1,synthetic_2D,S_G_250_seed987654,restarts_0..39,n=32;no_lgd/none/rng=tape/restarts=40@0,arm64 cpu,float32,0.964,791,,3168,3168,0.03828,0.2368,diverged=0;success=0.85
6af2081,A4:relclip_ema2,synthetic_2D,S_G_250_seed987654,restarts_0..39,n=32;no_lgd/none/rng=tape/restarts=40@0,arm64 cpu,float32,0.849,789,,3168,3168,0.03709,0.2013,diverged=0;success=0.90
6af2081,A4:sqrt_abs_eps,synthetic_2D,S_G_250_seed987654,restarts_0..39,n=32;no_lgd/none/rng=tape/restarts=40@0,arm64 cpu,float32,0.854,782,,3168,3168,0.07111,0.2177,diverged=0;success=0.80
6af2081,A4:sqrt_floor,synthetic_2D,S_G_250_seed987654,restarts_0..39,n=32;no_lgd/none/rng=tape/restarts=40@0,arm64 cpu,float32,0.936,780,,3168,3168,0.05847,0.2006,diverged=0;success=0.80
6af2081,A4:sqrtfloor_clip0.1,synthetic_2D,S_G_250_seed987654,restarts_0..39,n=32;no_lgd/none/rng=tape/restarts=40@0,arm64 cpu,float32,0.987,789,,3168,3168,0.1343,0.5375,diverged=0;success=0.28
6af2081,A4:sqrtfloor_clip0.5,synthetic_2D,S_G_250_seed987654,restarts_0..39,n=32;no_lgd/none/rng=tape/restarts=40@0,arm64 cpu,float32,0.975,789,,3168,3168,0.06049,0.2111,diverged=0;success=0.78
6af2081,A4:sqrtfloor_relclip1,synthetic_2D,S_G_250_seed987654,restarts_0..39,n=32;no_lgd/none/rng=tape/restarts=40@0,arm64 cpu,float32,0.941,791,,3168,3168,0.06155,0.2837,diverged=0;success=0.72
6af2081,A4:stale2,synthetic_2D,S_G_250_seed987654,restarts_0..39,n=32;no_lgd/none/rng=tape/restarts=40@0,arm64 cpu,float32,0.475,786,,1600,1600,0.03878,0.2561,diverged=0;success=0.53
6af2081,A4:stale3,synthetic_2D,S_G_250_seed987654,restarts_0..39,n=32;no_lgd/none/rng=tape/restarts=40@0,arm64 cpu,float32,0.305,777,,1056,1056,0.0614,0.3099,diverged=0;success=0.53
6af2081,A4:trust_ddim0.1,synthetic_2D,S_G_250_seed987654,restarts_0..39,n=32;no_lgd/none/rng=tape/restarts=40@0,arm64 cpu,float32,0.845,788,,3168,3168,0.5432,0.5955,diverged=0;success=0.00
6af2081,A4:trust_ddim0.3,synthetic_2D,S_G_250_seed987654,restarts_0..39,n=32;no_lgd/none/rng=tape/restarts=40@0,arm64 cpu,float32,0.864,787,,3168,3168,0.4673,0.5941,diverged=0;success=0.00
6af2081,A4:trust_ddim1,synthetic_2D,S_G_250_seed987654,restarts_0..39,n=32;no_lgd/none/rng=tape/restarts=40@0,arm64 cpu,float32,0.744,784,,3168,3168,0.1824,0.7070,diverged=0;success=0.00
6af2081,A4:trust_noise0.1,synthetic_2D,S_G_250_seed987654,restarts_0..39,n=32;no_lgd/none/rng=tape/restarts=40@0,arm64 cpu,float32,0.867,787,,3168,3168,0.1665,0.6334,diverged=0;success=0.12
6af2081,A4:trust_noise0.3,synthetic_2D,S_G_250_seed987654,restarts_0..39,n=32;no_lgd/none/rng=tape/restarts=40@0,arm64 cpu,float32,0.739,785,,3168,3168,0.03996,0.2889,diverged=0;success=0.72
6af2081,A4:trust_noise1,synthetic_2D,S_G_250_seed987654,restarts_0..39,n=32;no_lgd/none/rng=tape/restarts=40@0,arm64 cpu,float32,0.795,786,,3168,3168,0.0381,0.2311,diverged=0;success=0.53
6af2081,A4:unit0.1,synthetic_2D,S_G_250_seed987654,restarts_0..39,n=32;no_lgd/none/rng=tape/restarts=40@0,arm64 cpu,float32,0.824,790,,3168,3168,0.1634,0.4597,diverged=0;success=0.38
6af2081,A4:unit0.4,synthetic_2D,S_G_250_seed987654,restarts_0..39,n=32;no_lgd/none/rng=tape/restarts=40@0,arm64 cpu,float32,0.822,792,,3168,3168,0.05475,0.2122,diverged=0;success=0.70
6af2081,A4:baseline,synthetic_2D,S_G_250_seed987654,restarts_0..39,n=4;lgd/none/rng=legacy/restarts=40@0,arm64 cpu,float32,1.539,792,,1188,1188,0.07849,0.3144,diverged=0;success=0.60
6af2081,A4:baseline,synthetic_2D,S_G_250_seed987654,restarts_0..39,n=4;lgd/none/rng=tape/restarts=40@0,arm64 cpu,float32,1.698,815,,1188,1188,0.07298,0.2738,diverged=0;success=0.47
6af2081,A4:adapt_agree0.5,synthetic_2D,S_G_250_seed987654,restarts_0..39,n=4;no_lgd/adam/rng=tape/restarts=40@0,arm64 cpu,float32,1.348,789,,396,396,0.1278,0.4842,diverged=0;success=0.33
6af2081,A4:antithetic,synthetic_2D,S_G_250_seed987654,restarts_0..39,n=4;no_lgd/adam/rng=tape/restarts=40@0,arm64 cpu,float32,0.702,782,,396,396,0.06412,0.3540,diverged=0;success=0.33
6af2081,A4:baseline,synthetic_2D,S_G_250_seed987654,restarts_0..39,n=4;no_lgd/adam/rng=legacy/restarts=40@0,arm64 cpu,float32,0.754,781,,396,396,0.09441,0.3504,diverged=0;success=0.42
6af2081,A4:baseline,synthetic_2D,S_G_250_seed987654,restarts_0..39,n=4;no_lgd/adam/rng=tape/restarts=40@0,arm64 cpu,float32,0.706,779,,396,396,0.1339,0.3842,diverged=0;success=0.40
6af2081,A4:clip0.1,synthetic_2D,S_G_250_seed987654,restarts_0..39,n=4;no_lgd/adam/rng=tape/restarts=40@0,arm64 cpu,float32,0.723,779,,396,396,0.0922,0.2996,diverged=0;success=0.47
6af2081,A4:clip0.5,synthetic_2D,S_G_250_seed987654,restarts_0..39,n=4;no_lgd/adam/rng=tape/restarts=40@0,arm64 cpu,float32,0.713,779,,396,396,0.09814,0.3566,diverged=0;success=0.30
6af2081,A4:crn,synthetic_2D,S_G_250_seed987654,restarts_0..39,n=4;no_lgd/adam/rng=tape/restarts=40@0,arm64 cpu,float32,0.748,781,,396,396,0.06074,0.4375,diverged=0;success=0.25
6af2081,A4:relclip1,synthetic_2D,S_G_250_seed987654,restarts_0..39,n=4;no_lgd/adam/rng=tape/restarts=40@0,arm64 cpu,float32,0.707,778,,396,396,0.1078,0.2839,diverged=0;success=0.57
6af2081,A4:adapt_agree0.5,synthetic_2D,S_G_250_seed987654,restarts_0..39,n=4;no_lgd/none/rng=tape/restarts=40@0,arm64 cpu,float32,1.456,802,,396,396,0.09885,0.6029,diverged=0;success=0.28
6af2081,A4:adapt_agree0.8,synthetic_2D,S_G_250_seed987654,restarts_0..39,n=4;no_lgd/none/rng=tape/restarts=40@0,arm64 cpu,float32,1.337,797,,396,396,0.09513,0.6714,diverged=0;success=0.25
6af2081,A4:adapt_improve,synthetic_2D,S_G_250_seed987654,restarts_0..39,n=4;no_lgd/none/rng=tape/restarts=40@0,arm64 cpu,float32,0.690,779,,396,396,0.08588,0.6687,diverged=1;success=0.10
6af2081,A4:antithetic,synthetic_2D,S_G_250_seed987654,restarts_0..39,n=4;no_lgd/none/rng=tape/restarts=40@0,arm64 cpu,float32,0.641,779,,396,396,0.06547,0.5861,diverged=0;success=0.17
6af2081,A4:baseline,synthetic_2D,S_G_250_seed987654,restarts_0..39,n=4;no_lgd/none/rng=legacy/restarts=40@0,arm64 cpu,float32,0.716,779,,396,396,0.1008,0.6118,diverged=0;success=0.17
6af2081,A4:baseline,synthetic_2D,S_G_250_seed987654,restarts_0..39,n=4;no_lgd/none/rng=tape/restarts=40@0,arm64 cpu,float32,0.677,789,,396,396,0.09205,0.5848,diverged=0;success=0.28
6af2081,A4:bw_pooled_floor,synthetic_2D,S_G_250_seed987654,restarts_0..39,n=4;no_lgd/none/rng=tape/restarts=40@0,arm64 cpu,float32,0.721,783,,396,396,0.08671,0.5732,diverged=1;success=0.23
6af2081,A4:bw_pooled,synthetic_2D,S_G_250_seed987654,restarts_0..39,n=4;no_lgd/none/rng=tape/restarts=40@0,arm64 cpu,float32,0.827,786,,396,396,0.0887,0.5721,diverged=1;success=0.35
6af2081,A4:clip0.1,synthetic_2D,S_G_250_seed987654,restarts_0..39,n=4;no_lgd/none/rng=tape/restarts=40@0,arm64 cpu,float32,0.871,786,,396,396,0.2653,0.6126,diverged=0;success=0.10
6af2081,A4:clip0.5,synthetic_2D,S_G_250_seed987654,restarts_0..39,n=4;no_lgd/none/rng=tape/restarts=40@0,arm64 cpu,float32,0.634,788,,396,396,0.07278,0.2210,diverged=0;success=0.62
6af2081,A4:crn,synthetic_2D,S_G_250_seed987654,restarts_0..39,n=4;no_lgd/none/rng=tape/restarts=40@0,arm64 cpu,float32,0.677,779,,396,396,0.01409,0.5108,diverged=0;success=0.23
6af2081,A4:norm_only,synthetic_2D,S_G_250_seed987654,restarts_0..39,n=4;no_lgd/none/rng=tape/restarts=40@0,arm64 cpu,float32,0.669,789,,396,396,0.08673,0.3715,diverged=0;success=0.35
6af2081,A4:qclip0.5,synthetic_2D,S_G_250_seed987654,restarts_0..39,n=4;no_lgd/none/rng=tape/restarts=40@0,arm64 cpu,float32,0.706,788,,396,396,0.07278,0.2144,diverged=0;success=0.78
6af2081,A4:qclip0.75,synthetic_2D,S_G_250_seed987654,restarts_0..39,n=4;no_lgd/none/rng=tape/restarts=40@0,arm64 cpu,float32,0.737,789,,396,396,0.06624,0.1911,diverged=0;success=0.62
6af2081,A4:recur2_next_state_tweedie,synthetic_2D,S_G_250_seed987654,restarts_0..39,n=4;no_lgd/none/rng=tape/restarts=40@0,arm64 cpu,float32,1.281,782,,792,792,0.08224,0.5622,diverged=3;success=0.25
6af2081,A4:relclip0.5,synthetic_2D,S_G_250_seed987654,restarts_0..39,n=4;no_lgd/none/rng=tape/restarts=40@0,arm64 cpu,float32,0.636,780,,396,396,0.23,0.4598,diverged=0;success=0.33
6af2081,A4:relclip1,synthetic_2D,S_G_250_seed987654,restarts_0..39,n=4;no_lgd/none/rng=tape/restarts=40@0,arm64 cpu,float32,0.696,783,,396,396,0.07278,0.2144,diverged=0;success=0.78
6af2081,A4:relclip2,synthetic_2D,S_G_250_seed987654,restarts_0..39,n=4;no_lgd/none/rng=tape/restarts=40@0,arm64 cpu,float32,0.665,784,,396,396,0.06839,0.1712,diverged=0;success=0.85
6af2081,A4:relclip_ema0.5,synthetic_2D,S_G_250_seed987654,restarts_0..39,n=4;no_lgd/none/rng=tape/restarts=40@0,arm64 cpu,float32,0.730,785,,396,396,0.08601,0.3175,diverged=0;success=0.60
6af2081,A4:relclip_ema1,synthetic_2D,S_G_250_seed987654,restarts_0..39,n=4;no_lgd/none/rng=tape/restarts=40@0,arm64 cpu,float32,0.739,784,,396,396,0.07181,0.2148,diverged=0;success=0.72
6af2081,A4:relclip_ema2,synthetic_2D,S_G_250_seed987654,restarts_0..39,n=4;no_lgd/none/rng=tape/restarts=40@0,arm64 cpu,float32,0.822,784,,396,396,0.06984,0.2287,diverged=0;success=0.57
6af2081,A4:sqrt_abs_eps,synthetic_2D,S_G_250_seed987654,restarts_0..39,n=4;no_lgd/none/rng=tape/restarts=40@0,arm64 cpu,float32,0.702,783,,396,396,0.07517,0.4753,diverged=0;success=0.38
6af2081,A4:sqrt_floor,synthetic_2D,S_G_250_seed987654,restarts_0..39,n=4;no_lgd/none/rng=tape/restarts=40@0,arm64 cpu,float32,0.742,780,,396,396,0.04909,0.3173,diverged=0;success=0.55
6af2081,A4:sqrtfloor_clip0.1,synthetic_2D,S_G_250_seed987654,restarts_0..39,n=4;no_lgd/none/rng=tape/restarts=40@0,arm64 cpu,float32,0.725,781,,396,396,0.1638,0.6144,diverged=0;success=0.07
6af2081,A4:sqrtfloor_clip0.5,synthetic_2D,S_G_250_seed987654,restarts_0..39,n=4;no_lgd/none/rng=tape/restarts=40@0,arm64 cpu,float32,0.754,778,,396,396,0.0431,0.2557,diverged=0;success=0.60
6af2081,A4:sqrtfloor_relclip1,synthetic_2D,S_G_250_seed987654,restarts_0..39,n=4;no_lgd/none/rng=tape/restarts=40@0,arm64 cpu,float32,0.787,783,,396,396,0.1147,0.3835,diverged=0;success=0.47
6af2081,A4:stale2,synthetic_2D,S_G_250_seed987654,restarts_0..39,n=4;no_lgd/none/rng=tape/restarts=40@0,arm64 cpu,float32,0.391,777,,200,200,0.0891,0.7167,diverged=2;success=0.20
6af2081,A4:stale3,synthetic_2D,S_G_250_seed987654,restarts_0..39,n=4;no_lgd/none/rng=tape/restarts=40@0,arm64 cpu,float32,0.252,776,,132,132,0.1028,0.7453,diverged=2;success=0.10
6af2081,A4:trust_ddim0.1,synthetic_2D,S_G_250_seed987654,restarts_0..39,n=4;no_lgd/none/rng=tape/restarts=40@0,arm64 cpu,float32,0.707,784,,396,396,0.3405,0.5961,diverged=0;success=0.00
6af2081,A4:trust_ddim0.3,synthetic_2D,S_G_250_seed987654,restarts_0..39,n=4;no_lgd/none/rng=tape/restarts=40@0,arm64 cpu,float32,0.710,782,,396,396,0.3266,0.5927,diverged=0;success=0.00
6af2081,A4:trust_ddim1,synthetic_2D,S_G_250_seed987654,restarts_0..39,n=4;no_lgd/none/rng=tape/restarts=40@0,arm64 cpu,float32,0.658,781,,396,396,0.306,0.6244,diverged=0;success=0.00
6af2081,A4:trust_noise0.1,synthetic_2D,S_G_250_seed987654,restarts_0..39,n=4;no_lgd/none/rng=tape/restarts=40@0,arm64 cpu,float32,0.649,786,,396,396,0.2626,0.5963,diverged=0;success=0.10
6af2081,A4:trust_noise0.3,synthetic_2D,S_G_250_seed987654,restarts_0..39,n=4;no_lgd/none/rng=tape/restarts=40@0,arm64 cpu,float32,0.705,782,,396,396,0.06529,0.2182,diverged=0;success=0.78
6af2081,A4:trust_noise1,synthetic_2D,S_G_250_seed987654,restarts_0..39,n=4;no_lgd/none/rng=tape/restarts=40@0,arm64 cpu,float32,0.701,781,,396,396,0.06854,0.1778,diverged=0;success=0.70
6af2081,A4:unit0.1,synthetic_2D,S_G_250_seed987654,restarts_0..39,n=4;no_lgd/none/rng=tape/restarts=40@0,arm64 cpu,float32,0.708,788,,396,396,0.2405,0.5179,diverged=0;success=0.20
6af2081,A4:unit0.4,synthetic_2D,S_G_250_seed987654,restarts_0..39,n=4;no_lgd/none/rng=tape/restarts=40@0,arm64 cpu,float32,0.751,788,,396,396,0.1038,0.2743,diverged=0;success=0.50
6af2081,A4:baseline,synthetic_2D,S_G_250_seed987654,restarts_0..39,n=64;no_lgd/none/rng=tape/restarts=40@0,arm64 cpu,float32,0.976,778,,6336,6336,0.02959,0.2549,diverged=0;success=0.57
6af2081,A4:baseline,synthetic_2D,S_G_250_seed987654,restarts_0..39,n=8;lgd/none/rng=legacy/restarts=40@0,arm64 cpu,float32,1.566,805,,2376,2376,0.05098,0.2192,diverged=0;success=0.68
6af2081,A4:baseline,synthetic_2D,S_G_250_seed987654,restarts_0..39,n=8;lgd/none/rng=tape/restarts=40@0,arm64 cpu,float32,1.701,837,,2376,2376,0.05436,0.2558,diverged=0;success=0.53
6af2081,A4:clip0.1,synthetic_2D,S_G_250_seed987654,restarts_0..39,n=8;lgd/none/rng=tape/restarts=40@0,arm64 cpu,float32,1.657,807,,2376,2376,0.1753,0.5081,diverged=0;success=0.33
6af2081,A4:clip0.5,synthetic_2D,S_G_250_seed987654,restarts_0..39,n=8;lgd/none/rng=tape/restarts=40@0,arm64 cpu,float32,1.646,812,,2376,2376,0.05173,0.2385,diverged=0;success=0.57
6af2081,A4:relclip1,synthetic_2D,S_G_250_seed987654,restarts_0..39,n=8;lgd/none/rng=tape/restarts=40@0,arm64 cpu,float32,1.507,832,,2376,2376,0.05948,0.2431,diverged=0;success=0.75
6af2081,A4:adapt_agree0.5,synthetic_2D,S_G_250_seed987654,restarts_0..39,n=8;no_lgd/adam/rng=tape/restarts=40@0,arm64 cpu,float32,1.361,796,,792,792,0.1074,0.4116,diverged=0;success=0.35
6af2081,A4:antithetic,synthetic_2D,S_G_250_seed987654,restarts_0..39,n=8;no_lgd/adam/rng=tape/restarts=40@0,arm64 cpu,float32,0.695,790,,792,792,0.05947,0.3315,diverged=0;success=0.35
6af2081,A4:baseline,synthetic_2D,S_G_250_seed987654,restarts_0..39,n=8;no_lgd/adam/rng=legacy/restarts=40@0,arm64 cpu,float32,0.727,789,,792,792,0.08821,0.3153,diverged=0;success=0.50
6af2081,A4:baseline,synthetic_2D,S_G_250_seed987654,restarts_0..39,n=8;no_lgd/adam/rng=tape/restarts=40@0,arm64 cpu,float32,0.695,786,,792,792,0.08321,0.3027,diverged=0;success=0.47
6af2081,A4:clip0.1,synthetic_2D,S_G_250_seed987654,restarts_0..39,n=8;no_lgd/adam/rng=tape/restarts=40@0,arm64 cpu,float32,0.699,793,,792,792,0.08429,0.2591,diverged=0;success=0.62
6af2081,A4:clip0.5,synthetic_2D,S_G_250_seed987654,restarts_0..39,n=8;no_lgd/adam/rng=tape/restarts=40@0,arm64 cpu,float32,0.731,785,,792,792,0.08355,0.2818,diverged=0;success=0.53
6af2081,A4:crn,synthetic_2D,S_G_250_seed987654,restarts_0..39,n=8;no_lgd/adam/rng=tape/restarts=40@0,arm64 cpu,float32,0.743,787,,792,792,0.0816,0.4360,diverged=0;success=0.33
6af2081,A4:relclip1,synthetic_2D,S_G_250_seed987654,restarts_0..39,n=8;no_lgd/adam/rng=tape/restarts=40@0,arm64 cpu,float32,0.586,792,,792,792,0.09214,0.2585,diverged=0;success=0.60
6af2081,A4:adapt_agree0.5,synthetic_2D,S_G_250_seed987654,restarts_0..39,n=8;no_lgd/none/rng=tape/restarts=40@0,arm64 cpu,float32,1.503,797,,792,792,0.08645,0.7218,diverged=0;success=0.12
6af2081,A4:adapt_agree0.8,synthetic_2D,S_G_250_seed987654,restarts_0..39,n=8;no_lgd/none/rng=tape/restarts=40@0,arm64 cpu,float32,1.400,797,,792,792,0.09942,0.6541,diverged=0;success=0.15
6af2081,A4:adapt_improve,synthetic_2D,S_G_250_seed987654,restarts_0..39,n=8;no_lgd/none/rng=tape/restarts=40@0,arm64 cpu,float32,0.998,786,,792,792,0.08266,0.5806,diverged=0;success=0.25
6af2081,A4:antithetic,synthetic_2D,S_G_250_seed987654,restarts_0..39,n=8;no_lgd/none/rng=tape/restarts=40@0,arm64 cpu,float32,0.666,787,,792,792,0.04781,0.3996,diverged=0;success=0.15
6af2081,A4:baseline,synthetic_2D,S_G_250_seed987654,restarts_0..39,n=8;no_lgd/none/rng=legacy/restarts=40@0,arm64 cpu,float32,0.684,786,,792,792,0.06699,0.3814,diverged=0;success=0.45
6af2081,A4:baseline,synthetic_2D,S_G_250_seed987654,restarts_0..39,n=8;no_lgd/none/rng=tape/restarts=40@0,arm64 cpu,float32,0.778,785,,792,792,0.07567,0.3807,diverged=0;success=0.45
6af2081,A4:bw_pooled_floor,synthetic_2D,S_G_250_seed987654,restarts_0..39,n=8;no_lgd/none/rng=tape/restarts=40@0,arm64 cpu,float32,0.779,788,,792,792,0.08143,0.4396,diverged=0;success=0.45
6af2081,A4:bw_pooled,synthetic_2D,S_G_250_seed987654,restarts_0..39,n=8;no_lgd/none/rng=tape/restarts=40@0,arm64 cpu,float32,0.714,796,,792,792,0.07238,0.4090,diverged=1;success=0.47
6af2081,A4:clip0.1,synthetic_2D,S_G_250_seed987654,restarts_0..39,n=8;no_lgd/none/rng=tape/restarts=40@0,arm64 cpu,float32,0.748,783,,792,792,0.2543,0.5117,diverged=0;success=0.25
6af2081,A4:clip0.5,synthetic_2D,S_G_250_seed987654,restarts_0..39,n=8;no_lgd/none/rng=tape/restarts=40@0,arm64 cpu,float32,0.786,784,,792,792,0.06268,0.1874,diverged=0;success=0.72
6af2081,A4:crn,synthetic_2D,S_G_250_seed987654,restarts_0..39,n=8;no_lgd/none/rng=tape/restarts=40@0,arm64 cpu,float32,0.615,783,,792,792,0.01349,0.3098,diverged=0;success=0.53
6af2081,A4:norm_only,synthetic_2D,S_G_250_seed987654,restarts_0..39,n=8;no_lgd/none/rng=tape/restarts=40@0,arm64 cpu,float32,0.731,780,,792,792,0.06847,0.2552,diverged=0;success=0.60
6af2081,A4:qclip0.5,synthetic_2D,S_G_250_seed987654,restarts_0..39,n=8;no_lgd/none/rng=tape/restarts=40@0,arm64 cpu,float32,0.678,785,,792,792,0.0631,0.1138,diverged=0;success=0.95
6af2081,A4:qclip0.75,synthetic_2D,S_G_250_seed987654,restarts_0..39,n=8;no_lgd/none/rng=tape/restarts=40@0,arm64 cpu,float32,0.677,782,,792,792,0.05986,0.2029,diverged=0;success=0.75
6af2081,A4:recur2_next_state_tweedie,synthetic_2D,S_G_250_seed987654,restarts_0..39,n=8;no_lgd/none/rng=tape/restarts=40@0,arm64 cpu,float32,2.170,793,,1584,1584,0.06606,0.3973,diverged=0;success=0.45
6af2081,A4:relclip0.5,synthetic_2D,S_G_250_seed987654,restarts_0..39,n=8;no_lgd/none/rng=tape/restarts=40@0,arm64 cpu,float32,0.593,791,,792,792,0.09363,0.2968,diverged=0;success=0.60
6af2081,A4:relclip1,synthetic_2D,S_G_250_seed987654,restarts_0..39,n=8;no_lgd/none/rng=tape/restarts=40@0,arm64 cpu,float32,0.669,788,,792,792,0.0631,0.1138,diverged=0;success=0.95
6af2081,A4:relclip2,synthetic_2D,S_G_250_seed987654,restarts_0..39,n=8;no_lgd/none/rng=tape/restarts=40@0,arm64 cpu,float32,0.676,790,,792,792,0.05956,0.1437,diverged=0;success=0.85
6af2081,A4:relclip_ema0.5,synthetic_2D,S_G_250_seed987654,restarts_0..39,n=8;no_lgd/none/rng=tape/restarts=40@0,arm64 cpu,float32,0.659,785,,792,792,0.1002,0.3650,diverged=0;success=0.53
6af2081,A4:relclip_ema1,synthetic_2D,S_G_250_seed987654,restarts_0..39,n=8;no_lgd/none/rng=tape/restarts=40@0,arm64 cpu,float32,0.678,786,,792,792,0.06322,0.1452,diverged=0;success=0.88
6af2081,A4:relclip_ema2,synthetic_2D,S_G_250_seed987654,restarts_0..39,n=8;no_lgd/none/rng=tape/restarts=40@0,arm64 cpu,float32,0.684,788,,792,792,0.06387,0.1820,diverged=0;success=0.85
6af2081,A4:sqrt_abs_eps,synthetic_2D,S_G_250_seed987654,restarts_0..39,n=8;no_lgd/none/rng=tape/restarts=40@0,arm64 cpu,float32,0.681,793,,792,792,0.08842,0.3239,diverged=0;success=0.47
6af2081,A4:sqrt_floor,synthetic_2D,S_G_250_seed987654,restarts_0..39,n=8;no_lgd/none/rng=tape/restarts=40@0,arm64 cpu,float32,0.728,788,,792,792,0.05827,0.3737,diverged=0;success=0.45
6af2081,A4:sqrtfloor_clip0.1,synthetic_2D,S_G_250_seed987654,restarts_0..39,n=8;no_lgd/none/rng=tape/restarts=40@0,arm64 cpu,float32,0.594,795,,792,792,0.176,0.5996,diverged=0;success=0.12
6af2081,A4:sqrtfloor_clip0.5,synthetic_2D,S_G_250_seed987654,restarts_0..39,n=8;no_lgd/none/rng=tape/restarts=40@0,arm64 cpu,float32,0.682,787,,792,792,0.06002,0.2321,diverged=0;success=0.70
6af2081,A4:sqrtfloor_relclip1,synthetic_2D,S_G_250_seed987654,restarts_0..39,n=8;no_lgd/none/rng=tape/restarts=40@0,arm64 cpu,float32,0.708,795,,792,792,0.0663,0.2711,diverged=0;success=0.68
6af2081,A4:stale2,synthetic_2D,S_G_250_seed987654,restarts_0..39,n=8;no_lgd/none/rng=tape/restarts=40@0,arm64 cpu,float32,0.380,785,,400,400,0.08797,0.6073,diverged=1;success=0.33
6af2081,A4:stale3,synthetic_2D,S_G_250_seed987654,restarts_0..39,n=8;no_lgd/none/rng=tape/restarts=40@0,arm64 cpu,float32,0.298,782,,264,264,0.1281,0.6958,diverged=0;success=0.15
6af2081,A4:trust_ddim0.1,synthetic_2D,S_G_250_seed987654,restarts_0..39,n=8;no_lgd/none/rng=tape/restarts=40@0,arm64 cpu,float32,0.642,789,,792,792,0.4504,0.5957,diverged=0;success=0.00
6af2081,A4:trust_ddim0.3,synthetic_2D,S_G_250_seed987654,restarts_0..39,n=8;no_lgd/none/rng=tape/restarts=40@0,arm64 cpu,float32,0.684,788,,792,792,0.4272,0.5921,diverged=0;success=0.00
6af2081,A4:trust_ddim1,synthetic_2D,S_G_250_seed987654,restarts_0..39,n=8;no_lgd/none/rng=tape/restarts=40@0,arm64 cpu,float32,0.673,788,,792,792,0.2946,0.6665,diverged=0;success=0.00
6af2081,A4:trust_noise0.1,synthetic_2D,S_G_250_seed987654,restarts_0..39,n=8;no_lgd/none/rng=tape/restarts=40@0,arm64 cpu,float32,0.685,787,,792,792,0.2521,0.5479,diverged=0;success=0.20
6af2081,A4:trust_noise0.3,synthetic_2D,S_G_250_seed987654,restarts_0..39,n=8;no_lgd/none/rng=tape/restarts=40@0,arm64 cpu,float32,0.674,784,,792,792,0.0604,0.1838,diverged=0;success=0.85
6af2081,A4:trust_noise1,synthetic_2D,S_G_250_seed987654,restarts_0..39,n=8;no_lgd/none/rng=tape/restarts=40@0,arm64 cpu,float32,0.679,788,,792,792,0.05966,0.1806,diverged=0;success=0.80
6af2081,A4:unit0.1,synthetic_2D,S_G_250_seed987654,restarts_0..39,n=8;no_lgd/none/rng=tape/restarts=40@0,arm64 cpu,float32,0.715,785,,792,792,0.2682,0.5634,diverged=0;success=0.15
6af2081,A4:unit0.4,synthetic_2D,S_G_250_seed987654,restarts_0..39,n=8;no_lgd/none/rng=tape/restarts=40@0,arm64 cpu,float32,0.784,784,,792,792,0.08395,0.2612,diverged=0;success=0.53
6af2081,A4:baseline,synthetic_2D,S_G_250_seed987654,restarts_0..39,n=96;no_lgd/none/rng=tape/restarts=40@0,arm64 cpu,float32,1.210,801,,9504,9504,0.02438,0.2505,diverged=0;success=0.47
6af2081,A4:baseline,synthetic_5D,S_G_250_seed987654,restarts_0..39,n=16;no_lgd/adam/rng=tape/restarts=40@0,arm64 cpu,float32,0.726,784,,1584,1584,0.1426,0.5507,diverged=0;success=0.00
6af2081,A4:clip0.1,synthetic_5D,S_G_250_seed987654,restarts_0..39,n=16;no_lgd/adam/rng=tape/restarts=40@0,arm64 cpu,float32,0.739,784,,1584,1584,0.1722,0.5899,diverged=0;success=0.00
6af2081,A4:clip0.5,synthetic_5D,S_G_250_seed987654,restarts_0..39,n=16;no_lgd/adam/rng=tape/restarts=40@0,arm64 cpu,float32,0.733,783,,1584,1584,0.1572,0.5340,diverged=0;success=0.00
6af2081,A4:relclip1,synthetic_5D,S_G_250_seed987654,restarts_0..39,n=16;no_lgd/adam/rng=tape/restarts=40@0,arm64 cpu,float32,0.745,785,,1584,1584,0.1606,0.5884,diverged=0;success=0.00
6af2081,A4:baseline,synthetic_5D,S_G_250_seed987654,restarts_0..39,n=16;no_lgd/none/rng=tape/restarts=40@0,arm64 cpu,float32,0.653,790,,1584,1584,0.1306,0.4843,diverged=0;success=0.00
6af2081,A4:clip0.1,synthetic_5D,S_G_250_seed987654,restarts_0..39,n=16;no_lgd/none/rng=tape/restarts=40@0,arm64 cpu,float32,0.782,782,,1584,1584,0.5664,0.4280,diverged=0;success=0.00
6af2081,A4:clip0.5,synthetic_5D,S_G_250_seed987654,restarts_0..39,n=16;no_lgd/none/rng=tape/restarts=40@0,arm64 cpu,float32,0.684,783,,1584,1584,0.1467,0.4827,diverged=0;success=0.00
6af2081,A4:qclip0.5,synthetic_5D,S_G_250_seed987654,restarts_0..39,n=16;no_lgd/none/rng=tape/restarts=40@0,arm64 cpu,float32,0.718,784,,1584,1584,0.144,0.4638,diverged=0;success=0.00
6af2081,A4:qclip0.75,synthetic_5D,S_G_250_seed987654,restarts_0..39,n=16;no_lgd/none/rng=tape/restarts=40@0,arm64 cpu,float32,0.618,784,,1584,1584,0.1409,0.5233,diverged=0;success=0.00
6af2081,A4:relclip0.5,synthetic_5D,S_G_250_seed987654,restarts_0..39,n=16;no_lgd/none/rng=tape/restarts=40@0,arm64 cpu,float32,0.743,786,,1584,1584,0.1765,0.4839,diverged=0;success=0.00
6af2081,A4:relclip1,synthetic_5D,S_G_250_seed987654,restarts_0..39,n=16;no_lgd/none/rng=tape/restarts=40@0,arm64 cpu,float32,0.632,785,,1584,1584,0.144,0.4638,diverged=0;success=0.00
6af2081,A4:relclip2,synthetic_5D,S_G_250_seed987654,restarts_0..39,n=16;no_lgd/none/rng=tape/restarts=40@0,arm64 cpu,float32,0.632,785,,1584,1584,0.137,0.4748,diverged=0;success=0.00
6af2081,A4:relclip_ema0.5,synthetic_5D,S_G_250_seed987654,restarts_0..39,n=16;no_lgd/none/rng=tape/restarts=40@0,arm64 cpu,float32,0.720,784,,1584,1584,0.167,0.4675,diverged=0;success=0.00
6af2081,A4:relclip_ema1,synthetic_5D,S_G_250_seed987654,restarts_0..39,n=16;no_lgd/none/rng=tape/restarts=40@0,arm64 cpu,float32,0.719,782,,1584,1584,0.1511,0.4760,diverged=0;success=0.00
6af2081,A4:relclip_ema2,synthetic_5D,S_G_250_seed987654,restarts_0..39,n=16;no_lgd/none/rng=tape/restarts=40@0,arm64 cpu,float32,0.718,783,,1584,1584,0.1436,0.4988,diverged=0;success=0.00
6af2081,A4:sqrt_floor,synthetic_5D,S_G_250_seed987654,restarts_0..39,n=16;no_lgd/none/rng=tape/restarts=40@0,arm64 cpu,float32,0.739,786,,1584,1584,0.1242,0.4418,diverged=0;success=0.00
6af2081,A4:sqrtfloor_clip0.1,synthetic_5D,S_G_250_seed987654,restarts_0..39,n=16;no_lgd/none/rng=tape/restarts=40@0,arm64 cpu,float32,0.677,711,,1584,1584,0.4259,0.4353,diverged=0;success=0.00
6af2081,A4:sqrtfloor_clip0.5,synthetic_5D,S_G_250_seed987654,restarts_0..39,n=16;no_lgd/none/rng=tape/restarts=40@0,arm64 cpu,float32,0.689,718,,1584,1584,0.1343,0.4206,diverged=0;success=0.00
6af2081,A4:sqrtfloor_relclip1,synthetic_5D,S_G_250_seed987654,restarts_0..39,n=16;no_lgd/none/rng=tape/restarts=40@0,arm64 cpu,float32,0.792,710,,1584,1584,0.1484,0.4552,diverged=0;success=0.00
6af2081,A4:trust_ddim0.1,synthetic_5D,S_G_250_seed987654,restarts_0..39,n=16;no_lgd/none/rng=tape/restarts=40@0,arm64 cpu,float32,0.730,786,,1584,1584,1.136,0.9124,diverged=0;success=0.00
6af2081,A4:trust_ddim0.3,synthetic_5D,S_G_250_seed987654,restarts_0..39,n=16;no_lgd/none/rng=tape/restarts=40@0,arm64 cpu,float32,0.726,708,,1584,1584,0.883,0.6096,diverged=0;success=0.00
6af2081,A4:trust_ddim1,synthetic_5D,S_G_250_seed987654,restarts_0..39,n=16;no_lgd/none/rng=tape/restarts=40@0,arm64 cpu,float32,0.726,707,,1584,1584,0.5754,0.3712,diverged=0;success=0.00
6af2081,A4:trust_noise0.1,synthetic_5D,S_G_250_seed987654,restarts_0..39,n=16;no_lgd/none/rng=tape/restarts=40@0,arm64 cpu,float32,0.766,786,,1584,1584,0.5424,0.3879,diverged=0;success=0.00
6af2081,A4:trust_noise0.3,synthetic_5D,S_G_250_seed987654,restarts_0..39,n=16;no_lgd/none/rng=tape/restarts=40@0,arm64 cpu,float32,0.858,784,,1584,1584,0.1616,0.4184,diverged=0;success=0.00
6af2081,A4:trust_noise1,synthetic_5D,S_G_250_seed987654,restarts_0..39,n=16;no_lgd/none/rng=tape/restarts=40@0,arm64 cpu,float32,0.812,782,,1584,1584,0.1407,0.4443,diverged=0;success=0.00
6af2081,A4:baseline,synthetic_5D,S_G_250_seed987654,restarts_0..39,n=24;no_lgd/none/rng=tape/restarts=40@0,arm64 cpu,float32,0.768,790,,2376,2376,0.1055,0.4969,diverged=0;success=0.00
6af2081,A4:baseline,synthetic_5D,S_G_250_seed987654,restarts_0..39,n=2;no_lgd/none/rng=tape/restarts=40@0,arm64 cpu,float32,0.637,796,,198,198,0.3195,0.6427,diverged=2;success=0.00
6af2081,A4:baseline,synthetic_5D,S_G_250_seed987654,restarts_0..39,n=32;lgd/none/rng=legacy/restarts=40@0,arm64 cpu,float32,1.896,744,,9504,9504,0.06146,0.4339,diverged=0;success=0.00
6af2081,A4:baseline,synthetic_5D,S_G_250_seed987654,restarts_0..39,n=32;lgd/none/rng=tape/restarts=40@0,arm64 cpu,float32,1.954,757,,9504,9504,0.05834,0.4283,diverged=0;success=0.00
6af2081,A4:clip0.1,synthetic_5D,S_G_250_seed987654,restarts_0..39,n=32;lgd/none/rng=tape/restarts=40@0,arm64 cpu,float32,1.898,880,,9504,9504,0.33,0.3975,diverged=0;success=0.00
6af2081,A4:clip0.5,synthetic_5D,S_G_250_seed987654,restarts_0..39,n=32;lgd/none/rng=tape/restarts=40@0,arm64 cpu,float32,2.172,872,,9504,9504,0.06291,0.4115,diverged=0;success=0.00
6af2081,A4:relclip1,synthetic_5D,S_G_250_seed987654,restarts_0..39,n=32;lgd/none/rng=tape/restarts=40@0,arm64 cpu,float32,2.086,878,,9504,9504,0.06556,0.4106,diverged=0;success=0.00
6af2081,A4:adapt_agree0.5,synthetic_5D,S_G_250_seed987654,restarts_0..39,n=32;no_lgd/adam/rng=tape/restarts=40@0,arm64 cpu,float32,1.574,695,,3168,3168,0.1467,0.5315,diverged=0;success=0.00
6af2081,A4:antithetic,synthetic_5D,S_G_250_seed987654,restarts_0..39,n=32;no_lgd/adam/rng=tape/restarts=40@0,arm64 cpu,float32,0.775,673,,3168,3168,0.05747,0.4859,diverged=0;success=0.00
6af2081,A4:baseline,synthetic_5D,S_G_250_seed987654,restarts_0..39,n=32;no_lgd/adam/rng=legacy/restarts=40@0,arm64 cpu,float32,0.879,793,,3168,3168,0.1039,0.4638,diverged=0;success=0.00
6af2081,A4:baseline,synthetic_5D,S_G_250_seed987654,restarts_0..39,n=32;no_lgd/adam/rng=tape/restarts=40@0,arm64 cpu,float32,0.785,673,,3168,3168,0.1028,0.5256,diverged=0;success=0.00
6af2081,A4:clip0.1,synthetic_5D,S_G_250_seed987654,restarts_0..39,n=32;no_lgd/adam/rng=tape/restarts=40@0,arm64 cpu,float32,0.709,765,,3168,3168,0.1319,0.5836,diverged=0;success=0.00
6af2081,A4:clip0.5,synthetic_5D,S_G_250_seed987654,restarts_0..39,n=32;no_lgd/adam/rng=tape/restarts=40@0,arm64 cpu,float32,0.799,672,,3168,3168,0.105,0.5439,diverged=0;success=0.00
6af2081,A4:crn,synthetic_5D,S_G_250_seed987654,restarts_0..39,n=32;no_lgd/adam/rng=tape/restarts=40@0,arm64 cpu,float32,0.770,668,,3168,3168,0.03156,0.4988,diverged=0;success=0.00
6af2081,A4:relclip1,synthetic_5D,S_G_250_seed987654,restarts_0..39,n=32;no_lgd/adam/rng=tape/restarts=40@0,arm64 cpu,float32,0.724,763,,3168,3168,0.109,0.5481,diverged=0;success=0.00
6af2081,A4:adapt_agree0.5,synthetic_5D,S_G_250_seed987654,restarts_0..39,n=32;no_lgd/none/rng=tape/restarts=40@0,arm64 cpu,float32,1.623,821,,3168,3168,0.1391,0.4370,diverged=0;success=0.00
6af2081,A4:adapt_agree0.8,synthetic_5D,S_G_250_seed987654,restarts_0..39,n=32;no_lgd/none/rng=tape/restarts=40@0,arm64 cpu,float32,1.575,826,,3168,3168,0.1566,0.4337,diverged=0;success=0.00
6af2081,A4:adapt_improve,synthetic_5D,S_G_250_seed987654,restarts_0..39,n=32;no_lgd/none/rng=tape/restarts=40@0,arm64 cpu,float32,0.864,811,,3168,3168,0.1176,0.4547,diverged=0;success=0.00
6af2081,A4:antithetic,synthetic_5D,S_G_250_seed987654,restarts_0..39,n=32;no_lgd/none/rng=tape/restarts=40@0,arm64 cpu,float32,0.756,786,,3168,3168,0.05031,0.4314,diverged=0;success=0.00
6af2081,A4:baseline,synthetic_5D,S_G_250_seed987654,restarts_0..39,n=32;no_lgd/none/rng=legacy/restarts=40@0,arm64 cpu,float32,0.715,670,,3168,3168,0.09571,0.4507,diverged=0;success=0.00
6af2081,A4:baseline,synthetic_5D,S_G_250_seed987654,restarts_0..39,n=32;no_lgd/none/rng=tape/restarts=40@0,arm64 cpu,float32,0.820,787,,3168,3168,0.09235,0.4374,diverged=0;success=0.00
6af2081,A4:bw_pooled_floor,synthetic_5D,S_G_250_seed987654,restarts_0..39,n=32;no_lgd/none/rng=tape/restarts=40@0,arm64 cpu,float32,0.905,708,,3168,3168,0.09995,0.4510,diverged=0;success=0.00
6af2081,A4:bw_pooled,synthetic_5D,S_G_250_seed987654,restarts_0..39,n=32;no_lgd/none/rng=tape/restarts=40@0,arm64 cpu,float32,0.980,704,,3168,3168,0.1005,0.4351,diverged=0;success=0.00
6af2081,A4:clip0.1,synthetic_5D,S_G_250_seed987654,restarts_0..39,n=32;no_lgd/none/rng=tape/restarts=40@0,arm64 cpu,float32,0.947,789,,3168,3168,0.4504,0.4312,diverged=0;success=0.00
6af2081,A4:clip0.5,synthetic_5D,S_G_250_seed987654,restarts_0..39,n=32;no_lgd/none/rng=tape/restarts=40@0,arm64 cpu,float32,0.877,797,,3168,3168,0.1117,0.4381,diverged=0;success=0.00
6af2081,A4:crn,synthetic_5D,S_G_250_seed987654,restarts_0..39,n=32;no_lgd/none/rng=tape/restarts=40@0,arm64 cpu,float32,0.767,786,,3168,3168,0.01708,0.4618,diverged=0;success=0.00
6af2081,A4:norm_only,synthetic_5D,S_G_250_seed987654,restarts_0..39,n=32;no_lgd/none/rng=tape/restarts=40@0,arm64 cpu,float32,0.951,790,,3168,3168,0.1111,0.4566,diverged=0;success=0.00
6af2081,A4:qclip0.5,synthetic_5D,S_G_250_seed987654,restarts_0..39,n=32;no_lgd/none/rng=tape/restarts=40@0,arm64 cpu,float32,0.884,785,,3168,3168,0.1097,0.4274,diverged=0;success=0.00
6af2081,A4:qclip0.75,synthetic_5D,S_G_250_seed987654,restarts_0..39,n=32;no_lgd/none/rng=tape/restarts=40@0,arm64 cpu,float32,0.869,785,,3168,3168,0.1019,0.4526,diverged=0;success=0.00
6af2081,A4:recur2_next_state_tweedie,synthetic_5D,S_G_250_seed987654,restarts_0..39,n=32;no_lgd/none/rng=tape/restarts=40@0,arm64 cpu,float32,1.717,704,,6336,6336,0.1102,0.5482,diverged=0;success=0.00
6af2081,A4:relclip0.5,synthetic_5D,S_G_250_seed987654,restarts_0..39,n=32;no_lgd/none/rng=tape/restarts=40@0,arm64 cpu,float32,0.919,789,,3168,3168,0.1197,0.4061,diverged=0;success=0.00
6af2081,A4:relclip1,synthetic_5D,S_G_250_seed987654,restarts_0..39,n=32;no_lgd/none/rng=tape/restarts=40@0,arm64 cpu,float32,0.904,788,,3168,3168,0.1097,0.4274,diverged=0;success=0.00
6af2081,A4:relclip2,synthetic_5D,S_G_250_seed987654,restarts_0..39,n=32;no_lgd/none/rng=tape/restarts=40@0,arm64 cpu,float32,0.943,788,,3168,3168,0.09812,0.4280,diverged=0;success=0.00
6af2081,A4:relclip_ema0.5,synthetic_5D,S_G_250_seed987654,restarts_0..39,n=32;no_lgd/none/rng=tape/restarts=40@0,arm64 cpu,float32,0.865,787,,3168,3168,0.1261,0.4479,diverged=0;success=0.00
6af2081,A4:relclip_ema1,synthetic_5D,S_G_250_seed987654,restarts_0..39,n=32;no_lgd/none/rng=tape/restarts=40@0,arm64 cpu,float32,0.811,789,,3168,3168,0.115,0.4139,diverged=0;success=0.00
6af2081,A4:relclip_ema2,synthetic_5D,S_G_250_seed987654,restarts_0..39,n=32;no_lgd/none/rng=tape/restarts=40@0,arm64 cpu,float32,0.870,786,,3168,3168,0.1043,0.4192,diverged=0;success=0.00
6af2081,A4:sqrt_abs_eps,synthetic_5D,S_G_250_seed987654,restarts_0..39,n=32;no_lgd/none/rng=tape/restarts=40@0,arm64 cpu,float32,0.820,706,,3168,3168,0.1094,0.4178,diverged=0;success=0.00
6af2081,A4:sqrt_floor,synthetic_5D,S_G_250_seed987654,restarts_0..39,n=32;no_lgd/none/rng=tape/restarts=40@0,arm64 cpu,float32,1.348,709,,3168,3168,0.1019,0.4183,diverged=0;success=0.00
6af2081,A4:sqrtfloor_clip0.1,synthetic_5D,S_G_250_seed987654,restarts_0..39,n=32;no_lgd/none/rng=tape/restarts=40@0,arm64 cpu,float32,0.763,763,,3168,3168,0.3856,0.4321,diverged=0;success=0.00
6af2081,A4:sqrtfloor_clip0.5,synthetic_5D,S_G_250_seed987654,restarts_0..39,n=32;no_lgd/none/rng=tape/restarts=40@0,arm64 cpu,float32,0.713,762,,3168,3168,0.1147,0.4077,diverged=0;success=0.00
6af2081,A4:sqrtfloor_relclip1,synthetic_5D,S_G_250_seed987654,restarts_0..39,n=32;no_lgd/none/rng=tape/restarts=40@0,arm64 cpu,float32,0.737,762,,3168,3168,0.1281,0.4347,diverged=0;success=0.00
6af2081,A4:stale2,synthetic_5D,S_G_250_seed987654,restarts_0..39,n=32;no_lgd/none/rng=tape/restarts=40@0,arm64 cpu,float32,0.498,792,,1600,1600,0.1009,0.5072,diverged=0;success=0.00
6af2081,A4:stale3,synthetic_5D,S_G_250_seed987654,restarts_0..39,n=32;no_lgd/none/rng=tape/restarts=40@0,arm64 cpu,float32,0.312,787,,1056,1056,0.1234,0.5486,diverged=0;success=0.00
6af2081,A4:trust_ddim0.1,synthetic_5D,S_G_250_seed987654,restarts_0..39,n=32;no_lgd/none/rng=tape/restarts=40@0,arm64 cpu,float32,0.826,785,,3168,3168,0.9426,0.9071,diverged=0;success=0.00
6af2081,A4:trust_ddim0.3,synthetic_5D,S_G_250_seed987654,restarts_0..39,n=32;no_lgd/none/rng=tape/restarts=40@0,arm64 cpu,float32,0.852,785,,3168,3168,0.742,0.7526,diverged=0;success=0.00
6af2081,A4:trust_ddim1,synthetic_5D,S_G_250_seed987654,restarts_0..39,n=32;no_lgd/none/rng=tape/restarts=40@0,arm64 cpu,float32,0.865,786,,3168,3168,0.4721,0.3528,diverged=0;success=0.00
6af2081,A4:trust_noise0.1,synthetic_5D,S_G_250_seed987654,restarts_0..39,n=32;no_lgd/none/rng=tape/restarts=40@0,arm64 cpu,float32,0.865,785,,3168,3168,0.4308,0.3704,diverged=0;success=0.00
6af2081,A4:trust_noise0.3,synthetic_5D,S_G_250_seed987654,restarts_0..39,n=32;no_lgd/none/rng=tape/restarts=40@0,arm64 cpu,float32,0.847,785,,3168,3168,0.1172,0.4049,diverged=0;success=0.00
6af2081,A4:trust_noise1,synthetic_5D,S_G_250_seed987654,restarts_0..39,n=32;no_lgd/none/rng=tape/restarts=40@0,arm64 cpu,float32,0.933,786,,3168,3168,0.09568,0.4316,diverged=0;success=0.00
6af2081,A4:unit0.1,synthetic_5D,S_G_250_seed987654,restarts_0..39,n=32;no_lgd/none/rng=tape/restarts=40@0,arm64 cpu,float32,0.904,798,,3168,3168,0.4438,0.4309,diverged=0;success=0.00
6af2081,A4:unit0.4,synthetic_5D,S_G_250_seed987654,restarts_0..39,n=32;no_lgd/none/rng=tape/restarts=40@0,arm64 cpu,float32,0.948,787,,3168,3168,0.1294,0.4214,diverged=0;success=0.00
6af2081,A4:baseline,synthetic_5D,S_G_250_seed987654,restarts_0..39,n=4;lgd/none/rng=legacy/restarts=40@0,arm64 cpu,float32,1.627,791,,1188,1188,0.122,0.4681,diverged=0;success=0.00
6af2081,A4:baseline,synthetic_5D,S_G_250_seed987654,restarts_0..39,n=4;lgd/none/rng=tape/restarts=40@0,arm64 cpu,float32,1.723,811,,1188,1188,0.1227,0.4553,diverged=0;success=0.00
6af2081,A4:adapt_agree0.5,synthetic_5D,S_G_250_seed987654,restarts_0..39,n=4;no_lgd/adam/rng=tape/restarts=40@0,arm64 cpu,float32,1.297,705,,396,396,0.3625,0.5972,diverged=0;success=0.00
6af2081,A4:antithetic,synthetic_5D,S_G_250_seed987654,restarts_0..39,n=4;no_lgd/adam/rng=tape/restarts=40@0,arm64 cpu,float32,0.676,703,,396,396,0.1462,0.6569,diverged=0;success=0.00
6af2081,A4:baseline,synthetic_5D,S_G_250_seed987654,restarts_0..39,n=4;no_lgd/adam/rng=legacy/restarts=40@0,arm64 cpu,float32,0.680,789,,396,396,0.5608,0.6398,diverged=0;success=0.00
6af2081,A4:baseline,synthetic_5D,S_G_250_seed987654,restarts_0..39,n=4;no_lgd/adam/rng=tape/restarts=40@0,arm64 cpu,float32,0.674,702,,396,396,0.3039,0.5870,diverged=0;success=0.00
6af2081,A4:clip0.1,synthetic_5D,S_G_250_seed987654,restarts_0..39,n=4;no_lgd/adam/rng=tape/restarts=40@0,arm64 cpu,float32,0.563,788,,396,396,0.313,0.5852,diverged=0;success=0.00
6af2081,A4:clip0.5,synthetic_5D,S_G_250_seed987654,restarts_0..39,n=4;no_lgd/adam/rng=tape/restarts=40@0,arm64 cpu,float32,0.675,788,,396,396,0.2923,0.5792,diverged=0;success=0.00
6af2081,A4:crn,synthetic_5D,S_G_250_seed987654,restarts_0..39,n=4;no_lgd/adam/rng=tape/restarts=40@0,arm64 cpu,float32,0.702,702,,396,396,0.08527,0.6560,diverged=0;success=0.00
6af2081,A4:relclip1,synthetic_5D,S_G_250_seed987654,restarts_0..39,n=4;no_lgd/adam/rng=tape/restarts=40@0,arm64 cpu,float32,0.596,786,,396,396,0.3235,0.5884,diverged=0;success=0.00
6af2081,A4:adapt_agree0.5,synthetic_5D,S_G_250_seed987654,restarts_0..39,n=4;no_lgd/none/rng=tape/restarts=40@0,arm64 cpu,float32,1.222,797,,396,396,0.3003,0.5675,diverged=0;success=0.00
6af2081,A4:adapt_agree0.8,synthetic_5D,S_G_250_seed987654,restarts_0..39,n=4;no_lgd/none/rng=tape/restarts=40@0,arm64 cpu,float32,1.324,792,,396,396,0.3078,0.5157,diverged=0;success=0.00
6af2081,A4:adapt_improve,synthetic_5D,S_G_250_seed987654,restarts_0..39,n=4;no_lgd/none/rng=tape/restarts=40@0,arm64 cpu,float32,0.626,783,,396,396,0.3163,0.5724,diverged=0;success=0.00
6af2081,A4:antithetic,synthetic_5D,S_G_250_seed987654,restarts_0..39,n=4;no_lgd/none/rng=tape/restarts=40@0,arm64 cpu,float32,0.664,703,,396,396,0.09647,0.5188,diverged=0;success=0.00
6af2081,A4:baseline,synthetic_5D,S_G_250_seed987654,restarts_0..39,n=4;no_lgd/none/rng=legacy/restarts=40@0,arm64 cpu,float32,0.633,787,,396,396,0.2392,0.5831,diverged=1;success=0.00
6af2081,A4:baseline,synthetic_5D,S_G_250_seed987654,restarts_0..39,n=4;no_lgd/none/rng=tape/restarts=40@0,arm64 cpu,float32,0.700,784,,396,396,0.2496,0.5729,diverged=0;success=0.00
6af2081,A4:bw_pooled_floor,synthetic_5D,S_G_250_seed987654,restarts_0..39,n=4;no_lgd/none/rng=tape/restarts=40@0,arm64 cpu,float32,0.751,702,,396,396,0.2526,0.5424,diverged=0;success=0.00
6af2081,A4:bw_pooled,synthetic_5D,S_G_250_seed987654,restarts_0..39,n=4;no_lgd/none/rng=tape/restarts=40@0,arm64 cpu,float32,0.796,703,,396,396,0.2477,0.5114,diverged=0;success=0.00
6af2081,A4:clip0.1,synthetic_5D,S_G_250_seed987654,restarts_0..39,n=4;no_lgd/none/rng=tape/restarts=40@0,arm64 cpu,float32,0.634,736,,396,396,1.021,0.5430,diverged=0;success=0.00
6af2081,A4:clip0.5,synthetic_5D,S_G_250_seed987654,restarts_0..39,n=4;no_lgd/none/rng=tape/restarts=40@0,arm64 cpu,float32,0.675,787,,396,396,0.2976,0.5835,diverged=0;success=0.00
6af2081,A4:crn,synthetic_5D,S_G_250_seed987654,restarts_0..39,n=4;no_lgd/none/rng=tape/restarts=40@0,arm64 cpu,float32,0.699,701,,396,396,0.02099,0.6131,diverged=0;success=0.00
6af2081,A4:norm_only,synthetic_5D,S_G_250_seed987654,restarts_0..39,n=4;no_lgd/none/rng=tape/restarts=40@0,arm64 cpu,float32,0.761,784,,396,396,0.2789,0.5187,diverged=0;success=0.00
6af2081,A4:qclip0.5,synthetic_5D,S_G_250_seed987654,restarts_0..39,n=4;no_lgd/none/rng=tape/restarts=40@0,arm64 cpu,float32,0.681,782,,396,396,0.2713,0.5743,diverged=0;success=0.00
6af2081,A4:qclip0.75,synthetic_5D,S_G_250_seed987654,restarts_0..39,n=4;no_lgd/none/rng=tape/restarts=40@0,arm64 cpu,float32,0.691,780,,396,396,0.2671,0.5709,diverged=0;success=0.00
6af2081,A4:recur2_next_state_tweedie,synthetic_5D,S_G_250_seed987654,restarts_0..39,n=4;no_lgd/none/rng=tape/restarts=40@0,arm64 cpu,float32,1.202,703,,792,792,0.2385,0.6099,diverged=0;success=0.00
6af2081,A4:relclip0.5,synthetic_5D,S_G_250_seed987654,restarts_0..39,n=4;no_lgd/none/rng=tape/restarts=40@0,arm64 cpu,float32,0.705,783,,396,396,0.5152,0.6039,diverged=0;success=0.00
6af2081,A4:relclip1,synthetic_5D,S_G_250_seed987654,restarts_0..39,n=4;no_lgd/none/rng=tape/restarts=40@0,arm64 cpu,float32,0.740,782,,396,396,0.2713,0.5743,diverged=0;success=0.00
6af2081,A4:relclip2,synthetic_5D,S_G_250_seed987654,restarts_0..39,n=4;no_lgd/none/rng=tape/restarts=40@0,arm64 cpu,float32,0.710,785,,396,396,0.2621,0.5649,diverged=0;success=0.00
6af2081,A4:relclip_ema0.5,synthetic_5D,S_G_250_seed987654,restarts_0..39,n=4;no_lgd/none/rng=tape/restarts=40@0,arm64 cpu,float32,0.667,786,,396,396,0.3409,0.5648,diverged=0;success=0.00
6af2081,A4:relclip_ema1,synthetic_5D,S_G_250_seed987654,restarts_0..39,n=4;no_lgd/none/rng=tape/restarts=40@0,arm64 cpu,float32,0.695,783,,396,396,0.2878,0.5777,diverged=0;success=0.00
6af2081,A4:relclip_ema2,synthetic_5D,S_G_250_seed987654,restarts_0..39,n=4;no_lgd/none/rng=tape/restarts=40@0,arm64 cpu,float32,0.691,778,,396,396,0.2663,0.5605,diverged=0;success=0.00
6af2081,A4:sqrt_abs_eps,synthetic_5D,S_G_250_seed987654,restarts_0..39,n=4;no_lgd/none/rng=tape/restarts=40@0,arm64 cpu,float32,0.687,701,,396,396,0.1959,0.6076,diverged=0;success=0.00
6af2081,A4:sqrt_floor,synthetic_5D,S_G_250_seed987654,restarts_0..39,n=4;no_lgd/none/rng=tape/restarts=40@0,arm64 cpu,float32,0.754,702,,396,396,0.1694,0.5550,diverged=0;success=0.00
6af2081,A4:sqrtfloor_clip0.1,synthetic_5D,S_G_250_seed987654,restarts_0..39,n=4;no_lgd/none/rng=tape/restarts=40@0,arm64 cpu,float32,0.692,778,,396,396,0.4452,0.5177,diverged=0;success=0.00
6af2081,A4:sqrtfloor_clip0.5,synthetic_5D,S_G_250_seed987654,restarts_0..39,n=4;no_lgd/none/rng=tape/restarts=40@0,arm64 cpu,float32,0.734,777,,396,396,0.1861,0.5522,diverged=0;success=0.00
6af2081,A4:sqrtfloor_relclip1,synthetic_5D,S_G_250_seed987654,restarts_0..39,n=4;no_lgd/none/rng=tape/restarts=40@0,arm64 cpu,float32,0.692,781,,396,396,0.2947,0.5973,diverged=0;success=0.00
6af2081,A4:stale2,synthetic_5D,S_G_250_seed987654,restarts_0..39,n=4;no_lgd/none/rng=tape/restarts=40@0,arm64 cpu,float32,0.405,700,,200,200,0.3578,0.9108,diverged=6;success=0.00
6af2081,A4:stale3,synthetic_5D,S_G_250_seed987654,restarts_0..39,n=4;no_lgd/none/rng=tape/restarts=40@0,arm64 cpu,float32,0.262,704,,132,132,0.3258,1.2420,diverged=15;success=0.00
6af2081,A4:trust_ddim0.1,synthetic_5D,S_G_250_seed987654,restarts_0..39,n=4;no_lgd/none/rng=tape/restarts=40@0,arm64 cpu,float32,0.723,779,,396,396,1.699,0.9138,diverged=0;success=0.00
6af2081,A4:trust_ddim0.3,synthetic_5D,S_G_250_seed987654,restarts_0..39,n=4;no_lgd/none/rng=tape/restarts=40@0,arm64 cpu,float32,0.630,780,,396,396,1.49,0.4981,diverged=0;success=0.00
6af2081,A4:trust_ddim1,synthetic_5D,S_G_250_seed987654,restarts_0..39,n=4;no_lgd/none/rng=tape/restarts=40@0,arm64 cpu,float32,0.607,778,,396,396,1.292,0.4912,diverged=0;success=0.00
6af2081,A4:trust_noise0.1,synthetic_5D,S_G_250_seed987654,restarts_0..39,n=4;no_lgd/none/rng=tape/restarts=40@0,arm64 cpu,float32,0.672,779,,396,396,1.054,0.5038,diverged=0;success=0.00
6af2081,A4:trust_noise0.3,synthetic_5D,S_G_250_seed987654,restarts_0..39,n=4;no_lgd/none/rng=tape/restarts=40@0,arm64 cpu,float32,0.700,778,,396,396,0.3624,0.4787,diverged=0;success=0.00
6af2081,A4:trust_noise1,synthetic_5D,S_G_250_seed987654,restarts_0..39,n=4;no_lgd/none/rng=tape/restarts=40@0,arm64 cpu,float32,0.665,780,,396,396,0.2546,0.5452,diverged=0;success=0.00
6af2081,A4:unit0.1,synthetic_5D,S_G_250_seed987654,restarts_0..39,n=4;no_lgd/none/rng=tape/restarts=40@0,arm64 cpu,float32,0.669,736,,396,396,1.008,0.5238,diverged=0;success=0.00
6af2081,A4:unit0.4,synthetic_5D,S_G_250_seed987654,restarts_0..39,n=4;no_lgd/none/rng=tape/restarts=40@0,arm64 cpu,float32,0.658,736,,396,396,0.3086,0.5264,diverged=0;success=0.00
6af2081,A4:baseline,synthetic_5D,S_G_250_seed987654,restarts_0..39,n=64;no_lgd/none/rng=tape/restarts=40@0,arm64 cpu,float32,1.033,794,,6336,6336,0.07224,0.4336,diverged=0;success=0.00
6af2081,A4:baseline,synthetic_5D,S_G_250_seed987654,restarts_0..39,n=8;lgd/none/rng=legacy/restarts=40@0,arm64 cpu,float32,1.680,720,,2376,2376,0.09848,0.4520,diverged=0;success=0.00
6af2081,A4:baseline,synthetic_5D,S_G_250_seed987654,restarts_0..39,n=8;lgd/none/rng=tape/restarts=40@0,arm64 cpu,float32,1.621,738,,2376,2376,0.09538,0.4542,diverged=0;success=0.00
6af2081,A4:clip0.1,synthetic_5D,S_G_250_seed987654,restarts_0..39,n=8;lgd/none/rng=tape/restarts=40@0,arm64 cpu,float32,1.523,823,,2376,2376,0.4609,0.4117,diverged=0;success=0.00
6af2081,A4:clip0.5,synthetic_5D,S_G_250_seed987654,restarts_0..39,n=8;lgd/none/rng=tape/restarts=40@0,arm64 cpu,float32,1.528,835,,2376,2376,0.1126,0.4328,diverged=0;success=0.00
6af2081,A4:relclip1,synthetic_5D,S_G_250_seed987654,restarts_0..39,n=8;lgd/none/rng=tape/restarts=40@0,arm64 cpu,float32,1.509,820,,2376,2376,0.1097,0.4469,diverged=0;success=0.00
6af2081,A4:adapt_agree0.5,synthetic_5D,S_G_250_seed987654,restarts_0..39,n=8;no_lgd/adam/rng=tape/restarts=40@0,arm64 cpu,float32,1.260,798,,792,792,0.305,0.6760,diverged=0;success=0.00
6af2081,A4:antithetic,synthetic_5D,S_G_250_seed987654,restarts_0..39,n=8;no_lgd/adam/rng=tape/restarts=40@0,arm64 cpu,float32,0.673,784,,792,792,0.09402,0.5566,diverged=0;success=0.00
6af2081,A4:baseline,synthetic_5D,S_G_250_seed987654,restarts_0..39,n=8;no_lgd/adam/rng=legacy/restarts=40@0,arm64 cpu,float32,0.703,720,,792,792,0.1939,0.5782,diverged=0;success=0.00
6af2081,A4:baseline,synthetic_5D,S_G_250_seed987654,restarts_0..39,n=8;no_lgd/adam/rng=tape/restarts=40@0,arm64 cpu,float32,0.663,786,,792,792,0.211,0.6095,diverged=0;success=0.00
6af2081,A4:clip0.1,synthetic_5D,S_G_250_seed987654,restarts_0..39,n=8;no_lgd/adam/rng=tape/restarts=40@0,arm64 cpu,float32,0.643,779,,792,792,0.2371,0.6094,diverged=0;success=0.00
6af2081,A4:clip0.5,synthetic_5D,S_G_250_seed987654,restarts_0..39,n=8;no_lgd/adam/rng=tape/restarts=40@0,arm64 cpu,float32,0.675,672,,792,792,0.2124,0.5860,diverged=0;success=0.00
6af2081,A4:crn,synthetic_5D,S_G_250_seed987654,restarts_0..39,n=8;no_lgd/adam/rng=tape/restarts=40@0,arm64 cpu,float32,0.660,785,,792,792,0.07652,0.6513,diverged=0;success=0.00
6af2081,A4:relclip1,synthetic_5D,S_G_250_seed987654,restarts_0..39,n=8;no_lgd/adam/rng=tape/restarts=40@0,arm64 cpu,float32,0.676,781,,792,792,0.2429,0.6181,diverged=0;success=0.00
6af2081,A4:adapt_agree0.5,synthetic_5D,S_G_250_seed987654,restarts_0..39,n=8;no_lgd/none/rng=tape/restarts=40@0,arm64 cpu,float32,1.356,795,,792,792,0.2657,0.5468,diverged=0;success=0.00
6af2081,A4:adapt_agree0.8,synthetic_5D,S_G_250_seed987654,restarts_0..39,n=8;no_lgd/none/rng=tape/restarts=40@0,arm64 cpu,float32,1.341,791,,792,792,0.2828,0.5374,diverged=0;success=0.00
6af2081,A4:adapt_improve,synthetic_5D,S_G_250_seed987654,restarts_0..39,n=8;no_lgd/none/rng=tape/restarts=40@0,arm64 cpu,float32,0.670,783,,792,792,0.2283,0.5312,diverged=0;success=0.00
6af2081,A4:antithetic,synthetic_5D,S_G_250_seed987654,restarts_0..39,n=8;no_lgd/none/rng=tape/restarts=40@0,arm64 cpu,float32,0.664,790,,792,792,0.08254,0.4819,diverged=0;success=0.00
6af2081,A4:baseline,synthetic_5D,S_G_250_seed987654,restarts_0..39,n=8;no_lgd/none/rng=legacy/restarts=40@0,arm64 cpu,float32,0.573,719,,792,792,0.1788,0.5050,diverged=0;success=0.00
6af2081,A4:baseline,synthetic_5D,S_G_250_seed987654,restarts_0..39,n=8;no_lgd/none/rng=tape/restarts=40@0,arm64 cpu,float32,0.713,777,,792,792,0.1821,0.4976,diverged=0;success=0.00
6af2081,A4:bw_pooled_floor,synthetic_5D,S_G_250_seed987654,restarts_0..39,n=8;no_lgd/none/rng=tape/restarts=40@0,arm64 cpu,float32,2.186,779,,792,792,0.1797,0.4996,diverged=0;success=0.00
6af2081,A4:bw_pooled,synthetic_5D,S_G_250_seed987654,restarts_0..39,n=8;no_lgd/none/rng=tape/restarts=40@0,arm64 cpu,float32,0.752,790,,792,792,0.1741,0.5103,diverged=0;success=0.00
6af2081,A4:clip0.1,synthetic_5D,S_G_250_seed987654,restarts_0..39,n=8;no_lgd/none/rng=tape/restarts=40@0,arm64 cpu,float32,0.738,791,,792,792,0.7235,0.4359,diverged=0;success=0.00
6af2081,A4:clip0.5,synthetic_5D,S_G_250_seed987654,restarts_0..39,n=8;no_lgd/none/rng=tape/restarts=40@0,arm64 cpu,float32,0.712,781,,792,792,0.2154,0.5750,diverged=0;success=0.00
6af2081,A4:crn,synthetic_5D,S_G_250_seed987654,restarts_0..39,n=8;no_lgd/none/rng=tape/restarts=40@0,arm64 cpu,float32,0.644,778,,792,792,0.02232,0.5344,diverged=0;success=0.00
6af2081,A4:norm_only,synthetic_5D,S_G_250_seed987654,restarts_0..39,n=8;no_lgd/none/rng=tape/restarts=40@0,arm64 cpu,float32,0.760,778,,792,792,0.207,0.5660,diverged=0;success=0.00
6af2081,A4:qclip0.5,synthetic_5D,S_G_250_seed987654,restarts_0..39,n=8;no_lgd/none/rng=tape/restarts=40@0,arm64 cpu,float32,0.701,789,,792,792,0.2104,0.5370,diverged=0;success=0.00
6af2081,A4:qclip0.75,synthetic_5D,S_G_250_seed987654,restarts_0..39,n=8;no_lgd/none/rng=tape/restarts=40@0,arm64 cpu,float32,0.666,790,,792,792,0.1901,0.5558,diverged=0;success=0.00
6af2081,A4:recur2_next_state_tweedie,synthetic_5D,S_G_250_seed987654,restarts_0..39,n=8;no_lgd/none/rng=tape/restarts=40@0,arm64 cpu,float32,1.330,789,,1584,1584,0.1857,0.5810,diverged=0;success=0.00
6af2081,A4:relclip0.5,synthetic_5D,S_G_250_seed987654,restarts_0..39,n=8;no_lgd/none/rng=tape/restarts=40@0,arm64 cpu,float32,0.684,789,,792,792,0.2616,0.5297,diverged=0;success=0.00
6af2081,A4:relclip1,synthetic_5D,S_G_250_seed987654,restarts_0..39,n=8;no_lgd/none/rng=tape/restarts=40@0,arm64 cpu,float32,0.768,797,,792,792,0.2104,0.5370,diverged=0;success=0.00
6af2081,A4:relclip2,synthetic_5D,S_G_250_seed987654,restarts_0..39,n=8;no_lgd/none/rng=tape/restarts=40@0,arm64 cpu,float32,0.682,795,,792,792,0.1966,0.5350,diverged=0;success=0.00
6af2081,A4:relclip_ema0.5,synthetic_5D,S_G_250_seed987654,restarts_0..39,n=8;no_lgd/none/rng=tape/restarts=40@0,arm64 cpu,float32,0.685,795,,792,792,0.2341,0.5186,diverged=0;success=0.00
6af2081,A4:relclip_ema1,synthetic_5D,S_G_250_seed987654,restarts_0..39,n=8;no_lgd/none/rng=tape/restarts=40@0,arm64 cpu,float32,0.682,797,,792,792,0.2167,0.5296,diverged=0;success=0.00
6af2081,A4:relclip_ema2,synthetic_5D,S_G_250_seed987654,restarts_0..39,n=8;no_lgd/none/rng=tape/restarts=40@0,arm64 cpu,float32,0.588,797,,792,792,0.1928,0.5058,diverged=0;success=0.00
6af2081,A4:sqrt_abs_eps,synthetic_5D,S_G_250_seed987654,restarts_0..39,n=8;no_lgd/none/rng=tape/restarts=40@0,arm64 cpu,float32,0.671,782,,792,792,0.1596,0.5012,diverged=0;success=0.00
6af2081,A4:sqrt_floor,synthetic_5D,S_G_250_seed987654,restarts_0..39,n=8;no_lgd/none/rng=tape/restarts=40@0,arm64 cpu,float32,0.669,782,,792,792,0.1545,0.4885,diverged=0;success=0.00
6af2081,A4:sqrtfloor_clip0.1,synthetic_5D,S_G_250_seed987654,restarts_0..39,n=8;no_lgd/none/rng=tape/restarts=40@0,arm64 cpu,float32,0.706,783,,792,792,0.4482,0.4382,diverged=0;success=0.00
6af2081,A4:sqrtfloor_clip0.5,synthetic_5D,S_G_250_seed987654,restarts_0..39,n=8;no_lgd/none/rng=tape/restarts=40@0,arm64 cpu,float32,0.700,776,,792,792,0.1627,0.4982,diverged=0;success=0.00
6af2081,A4:sqrtfloor_relclip1,synthetic_5D,S_G_250_seed987654,restarts_0..39,n=8;no_lgd/none/rng=tape/restarts=40@0,arm64 cpu,float32,0.716,781,,792,792,0.1884,0.5435,diverged=0;success=0.00
6af2081,A4:stale2,synthetic_5D,S_G_250_seed987654,restarts_0..39,n=8;no_lgd/none/rng=tape/restarts=40@0,arm64 cpu,float32,0.395,784,,400,400,0.2352,0.7407,diverged=2;success=0.00
6af2081,A4:stale3,synthetic_5D,S_G_250_seed987654,restarts_0..39,n=8;no_lgd/none/rng=tape/restarts=40@0,arm64 cpu,float32,0.268,726,,264,264,0.2539,0.9084,diverged=7;success=0.00
6af2081,A4:trust_ddim0.1,synthetic_5D,S_G_250_seed987654,restarts_0..39,n=8;no_lgd/none/rng=tape/restarts=40@0,arm64 cpu,float32,0.707,789,,792,792,1.364,0.9137,diverged=0;success=0.00
6af2081,A4:trust_ddim0.3,synthetic_5D,S_G_250_seed987654,restarts_0..39,n=8;no_lgd/none/rng=tape/restarts=40@0,arm64 cpu,float32,0.664,785,,792,792,1.159,0.5233,diverged=0;success=0.00
6af2081,A4:trust_ddim1,synthetic_5D,S_G_250_seed987654,restarts_0..39,n=8;no_lgd/none/rng=tape/restarts=40@0,arm64 cpu,float32,0.694,781,,792,792,0.7824,0.4045,diverged=0;success=0.00
6af2081,A4:trust_noise0.1,synthetic_5D,S_G_250_seed987654,restarts_0..39,n=8;no_lgd/none/rng=tape/restarts=40@0,arm64 cpu,float32,0.782,784,,792,792,0.7143,0.4217,diverged=0;success=0.00
6af2081,A4:trust_noise0.3,synthetic_5D,S_G_250_seed987654,restarts_0..39,n=8;no_lgd/none/rng=tape/restarts=40@0,arm64 cpu,float32,0.719,787,,792,792,0.2459,0.4391,diverged=0;success=0.00
6af2081,A4:trust_noise1,synthetic_5D,S_G_250_seed987654,restarts_0..39,n=8;no_lgd/none/rng=tape/restarts=40@0,arm64 cpu,float32,0.763,788,,792,792,0.194,0.4640,diverged=0;success=0.00
6af2081,A4:unit0.1,synthetic_5D,S_G_250_seed987654,restarts_0..39,n=8;no_lgd/none/rng=tape/restarts=40@0,arm64 cpu,float32,0.732,783,,792,792,0.7079,0.4278,diverged=0;success=0.00
6af2081,A4:unit0.4,synthetic_5D,S_G_250_seed987654,restarts_0..39,n=8;no_lgd/none/rng=tape/restarts=40@0,arm64 cpu,float32,0.627,791,,792,792,0.2299,0.5280,diverged=0;success=0.00
6af2081,A4:baseline,synthetic_5D,S_G_250_seed987654,restarts_0..39,n=96;no_lgd/none/rng=tape/restarts=40@0,arm64 cpu,float32,1.239,804,,9504,9504,0.06112,0.4350,diverged=0;success=0.00
